-0.151,0.021,0.003,0.988,0.121,0.016,-0.067,0.990,0.146,-0.014,0.049,0.988,0.072,-0.001,0.017,0.997,0.020,-0.001,-0.075,0.997,-0.058,-0.191,0.029,0.980,-0.043,0.191,-0.031,0.980,0.193,0.001,-0.017,0.981,0.000,0.000,0.000,1.000,-0.086,0.002,0.038,0.996,0.117,-0.009,-0.012,0.993,0.000,0.000,0.000,1.000,0.000,0.000,0.000,1.000,0.041,0.161,-0.598,-0.784,0.158,-0.027,0.596,-0.787,-0.131,-0.147,-0.088,-0.976,0.187,-0.209,-0.127,0.951,-0.574,0.199,-0.376,-0.700,-0.670,-0.261,0.395,-0.571,0.000,0.000,0.000,1.000,0.000,0.000,0.000,1.000,0.000,0.000,0.000,1.000,0.000,0.000,0.000,1.000,0.000,0.000,0.000,0.000,0.000,0.000,0.087,0.996,0.000,0.000,0.174,0.985,0.000,-0.143,0.000,0.990,0.000,0.000,0.087,0.996,0.000,0.000,0.087,0.996,0.000,0.000,0.087,0.996,0.000,0.000,0.087,0.996,0.000,0.000,0.087,0.996,0.000,0.000,0.087,0.996,0.000,0.000,0.087,0.996,0.000,0.000,0.087,0.996,0.000,0.000,0.087,0.996,0.000,0.000,0.087,0.996,0.000,0.000,0.087,0.996,0.000,0.000,0.087,0.996,0.000,0.000,-0.087,0.996,0.000,0.000,0.000,1.000,0.000,0.000,0.000,1.000,0.000,0.000,-0.087,0.996,0.000,0.000,-0.087,0.996,0.000,0.000,-0.087,0.996,0.000,0.000,-0.087,0.996,0.000,0.000,-0.087,0.996,0.000,0.000,-0.087,0.996,0.000,0.000,-0.087,0.996,0.000,0.000,-0.087,0.996,0.000,0.000,-0.087,0.996,0.000,0.000,-0.087,0.996,0.000,0.000,-0.087,0.996,0.000,0.000,-0.087,0.996,0.000,0.000,0.000,1.000,
-0.149,0.012,0.002,0.989,0.135,0.014,-0.054,0.989,0.147,-0.015,0.061,0.987,0.042,-0.001,0.040,0.998,0.027,-0.001,-0.067,0.997,-0.049,-0.191,0.030,0.980,-0.049,0.210,-0.028,0.976,0.186,0.000,-0.004,0.983,0.000,0.000,0.000,1.000,-0.097,0.002,0.036,0.995,0.137,0.024,-0.035,0.990,0.000,0.000,0.000,1.000,0.000,0.000,0.000,1.000,0.046,0.151,-0.618,-0.770,0.165,-0.021,0.607,-0.777,-0.106,-0.159,-0.089,-0.978,0.170,-0.152,-0.097,0.969,-0.575,0.244,-0.378,-0.683,-0.698,-0.237,0.392,-0.551,0.000,0.000,0.000,1.000,0.000,0.000,0.000,1.000,0.000,0.000,0.000,1.000,0.000,0.000,0.000,1.000,0.000,0.000,0.000,0.000,0.000,0.000,0.087,0.996,0.000,0.000,0.174,0.985,0.000,-0.143,0.000,0.990,0.000,0.000,0.087,0.996,0.000,0.000,0.087,0.996,0.000,0.000,0.087,0.996,0.000,0.000,0.087,0.996,0.000,0.000,0.087,0.996,0.000,0.000,0.087,0.996,0.000,0.000,0.087,0.996,0.000,0.000,0.087,0.996,0.000,0.000,0.087,0.996,0.000,0.000,0.087,0.996,0.000,0.000,0.087,0.996,0.000,0.000,0.087,0.996,0.000,0.000,-0.087,0.996,0.000,0.000,0.000,1.000,0.000,0.000,0.000,1.000,0.000,0.000,-0.087,0.996,0.000,0.000,-0.087,0.996,0.000,0.000,-0.087,0.996,0.000,0.000,-0.087,0.996,0.000,0.000,-0.087,0.996,0.000,0.000,-0.087,0.996,0.000,0.000,-0.087,0.996,0.000,0.000,-0.087,0.996,0.000,0.000,-0.087,0.996,0.000,0.000,-0.087,0.996,0.000,0.000,-0.087,0.996,0.000,0.000,-0.087,0.996,0.000,0.000,0.000,1.000,
-0.153,0.031,0.005,0.988,0.136,0.010,-0.021,0.990,0.136,-0.020,0.108,0.985,0.009,-0.002,0.069,0.998,-0.010,0.004,-0.071,0.997,-0.012,0.091,0.057,0.994,-0.015,0.131,-0.041,0.990,0.187,-0.001,0.024,0.982,0.000,0.000,0.000,1.000,-0.057,-0.001,-0.008,0.998,0.129,0.049,-0.006,0.990,0.000,0.000,0.000,1.000,0.000,0.000,0.000,1.000,0.036,0.172,-0.591,-0.788,0.167,-0.016,0.613,-0.772,-0.007,-0.162,-0.074,-0.984,0.363,-0.103,-0.097,0.921,-0.663,0.151,-0.434,-0.590,-0.572,-0.016,0.369,-0.732,0.000,0.000,0.000,1.000,0.000,0.000,0.000,1.000,0.000,0.000,0.000,1.000,0.000,0.000,0.000,1.000,0.000,0.000,0.000,0.000,0.000,0.000,0.087,0.996,0.000,0.000,0.174,0.985,0.000,-0.143,0.000,0.990,0.000,0.000,0.087,0.996,0.000,0.000,0.087,0.996,0.000,0.000,0.087,0.996,0.000,0.000,0.087,0.996,0.000,0.000,0.087,0.996,0.000,0.000,0.087,0.996,0.000,0.000,0.087,0.996,0.000,0.000,0.087,0.996,0.000,0.000,0.087,0.996,0.000,0.000,0.087,0.996,0.000,0.000,0.087,0.996,0.000,0.000,0.087,0.996,0.000,0.000,-0.087,0.996,0.000,0.000,0.000,1.000,0.000,0.000,0.000,1.000,0.000,0.000,-0.087,0.996,0.000,0.000,-0.087,0.996,0.000,0.000,-0.087,0.996,0.000,0.000,-0.087,0.996,0.000,0.000,-0.087,0.996,0.000,0.000,-0.087,0.996,0.000,0.000,-0.087,0.996,0.000,0.000,-0.087,0.996,0.000,0.000,-0.087,0.996,0.000,0.000,-0.087,0.996,0.000,0.000,-0.087,0.996,0.000,0.000,-0.087,0.996,0.000,0.000,0.000,1.000,
-0.144,-0.001,0.000,0.990,0.128,0.012,-0.037,0.991,0.116,-0.019,0.095,0.988,0.017,-0.002,0.078,0.997,0.021,0.003,-0.065,0.998,-0.080,-0.085,0.039,0.992,-0.108,0.107,-0.033,0.988,0.176,0.000,0.003,0.984,0.000,0.000,0.000,1.000,-0.062,0.001,0.012,0.998,0.128,0.003,-0.009,0.992,0.000,0.000,0.000,1.000,0.000,0.000,0.000,1.000,0.049,0.158,-0.580,-0.798,0.171,-0.007,0.625,-0.762,-0.109,-0.153,-0.087,-0.978,0.268,-0.077,-0.071,0.958,-0.572,0.182,-0.447,-0.663,-0.551,-0.112,0.430,-0.707,0.000,0.000,0.000,1.000,0.000,0.000,0.000,1.000,0.000,0.000,0.000,1.000,0.000,0.000,0.000,1.000,0.000,0.000,0.000,0.000,0.000,0.000,0.087,0.996,0.000,0.000,0.174,0.985,0.000,-0.143,0.000,0.990,0.000,0.000,0.087,0.996,0.000,0.000,0.087,0.996,0.000,0.000,0.087,0.996,0.000,0.000,0.087,0.996,0.000,0.000,0.087,0.996,0.000,0.000,0.087,0.996,0.000,0.000,0.087,0.996,0.000,0.000,0.087,0.996,0.000,0.000,0.087,0.996,0.000,0.000,0.087,0.996,0.000,0.000,0.087,0.996,0.000,0.000,0.087,0.996,0.000,0.000,-0.087,0.996,0.000,0.000,0.000,1.000,0.000,0.000,0.000,1.000,0.000,0.000,-0.087,0.996,0.000,0.000,-0.087,0.996,0.000,0.000,-0.087,0.996,0.000,0.000,-0.087,0.996,0.000,0.000,-0.087,0.996,0.000,0.000,-0.087,0.996,0.000,0.000,-0.087,0.996,0.000,0.000,-0.087,0.996,0.000,0.000,-0.087,0.996,0.000,0.000,-0.087,0.996,0.000,0.000,-0.087,0.996,0.000,0.000,-0.087,0.996,0.000,0.000,0.000,1.000,
-0.171,0.034,0.006,0.985,0.128,0.011,-0.030,0.991,0.149,-0.018,0.095,0.984,0.057,-0.001,0.026,0.998,0.019,-0.002,-0.089,0.996,-0.121,0.057,0.062,0.989,-0.107,0.109,-0.033,0.988,0.205,0.000,-0.010,0.979,0.000,0.000,0.000,1.000,-0.068,0.002,0.022,0.997,0.117,0.009,-0.020,0.993,0.000,0.000,0.000,1.000,0.000,0.000,0.000,1.000,0.030,0.169,-0.613,-0.771,0.176,-0.008,0.602,-0.779,-0.044,-0.134,-0.071,-0.987,0.373,-0.120,-0.111,0.913,-0.708,0.200,-0.385,-0.558,-0.455,-0.101,0.449,-0.762,0.000,0.000,0.000,1.000,0.000,0.000,0.000,1.000,0.000,0.000,0.000,1.000,0.000,0.000,0.000,1.000,0.000,0.000,0.000,0.000,0.000,0.000,0.087,0.996,0.000,0.000,0.174,0.985,0.000,-0.143,0.000,0.990,0.000,0.000,0.087,0.996,0.000,0.000,0.087,0.996,0.000,0.000,0.087,0.996,0.000,0.000,0.087,0.996,0.000,0.000,0.087,0.996,0.000,0.000,0.087,0.996,0.000,0.000,0.087,0.996,0.000,0.000,0.087,0.996,0.000,0.000,0.087,0.996,0.000,0.000,0.087,0.996,0.000,0.000,0.087,0.996,0.000,0.000,0.087,0.996,0.000,0.000,-0.087,0.996,0.000,0.000,0.000,1.000,0.000,0.000,0.000,1.000,0.000,0.000,-0.087,0.996,0.000,0.000,-0.087,0.996,0.000,0.000,-0.087,0.996,0.000,0.000,-0.087,0.996,0.000,0.000,-0.087,0.996,0.000,0.000,-0.087,0.996,0.000,0.000,-0.087,0.996,0.000,0.000,-0.087,0.996,0.000,0.000,-0.087,0.996,0.000,0.000,-0.087,0.996,0.000,0.000,-0.087,0.996,0.000,0.000,-0.087,0.996,0.000,0.000,0.000,1.000,
-0.168,0.036,0.006,0.985,0.117,0.012,-0.039,0.992,0.150,-0.016,0.077,0.985,0.077,0.000,0.025,0.997,0.009,-0.001,-0.083,0.996,-0.135,-0.017,0.048,0.990,-0.039,0.176,-0.034,0.983,0.198,0.001,-0.010,0.980,0.000,0.000,0.000,1.000,-0.081,0.001,0.010,0.997,0.127,-0.039,-0.039,0.990,0.000,0.000,0.000,1.000,0.000,0.000,0.000,1.000,0.041,0.158,-0.616,-0.770,0.170,-0.017,0.597,-0.784,-0.007,-0.160,-0.073,-0.984,0.282,-0.131,-0.104,0.945,-0.659,0.246,-0.422,-0.572,-0.519,-0.111,0.459,-0.712,0.000,0.000,0.000,1.000,0.000,0.000,0.000,1.000,0.000,0.000,0.000,1.000,0.000,0.000,0.000,1.000,0.000,0.000,0.000,0.000,0.000,0.000,0.087,0.996,0.000,0.000,0.174,0.985,0.000,-0.143,0.000,0.990,0.000,0.000,0.087,0.996,0.000,0.000,0.087,0.996,0.000,0.000,0.087,0.996,0.000,0.000,0.087,0.996,0.000,0.000,0.087,0.996,0.000,0.000,0.087,0.996,0.000,0.000,0.087,0.996,0.000,0.000,0.087,0.996,0.000,0.000,0.087,0.996,0.000,0.000,0.087,0.996,0.000,0.000,0.087,0.996,0.000,0.000,0.087,0.996,0.000,0.000,-0.087,0.996,0.000,0.000,0.000,1.000,0.000,0.000,0.000,1.000,0.000,0.000,-0.087,0.996,0.000,0.000,-0.087,0.996,0.000,0.000,-0.087,0.996,0.000,0.000,-0.087,0.996,0.000,0.000,-0.087,0.996,0.000,0.000,-0.087,0.996,0.000,0.000,-0.087,0.996,0.000,0.000,-0.087,0.996,0.000,0.000,-0.087,0.996,0.000,0.000,-0.087,0.996,0.000,0.000,-0.087,0.996,0.000,0.000,-0.087,0.996,0.000,0.000,0.000,1.000,
-0.122,0.018,0.002,0.992,0.072,0.011,-0.040,0.997,0.095,-0.018,0.081,0.992,0.065,-0.002,0.026,0.998,0.010,0.007,-0.094,0.995,-0.091,0.060,0.060,0.992,-0.041,0.202,-0.031,0.978,-0.170,-0.001,0.009,-0.985,0.000,0.000,0.000,1.000,-0.116,0.000,0.033,0.993,-0.132,0.006,0.043,-0.990,0.000,0.000,0.000,1.000,0.000,0.000,0.000,1.000,0.142,0.059,-0.478,-0.865,0.186,0.015,0.505,-0.843,0.006,-0.402,-0.130,-0.906,0.076,-0.443,-0.184,0.874,0.740,-0.021,0.321,0.591,0.673,-0.033,-0.303,0.674,0.000,0.000,0.000,1.000,0.000,0.000,0.000,1.000,0.000,0.000,0.000,1.000,0.000,0.000,0.000,1.000,0.000,0.000,0.000,0.000,0.000,0.000,0.087,0.996,0.000,0.000,0.174,0.985,0.000,-0.143,0.000,0.990,0.000,0.000,0.087,0.996,0.000,0.000,0.087,0.996,0.000,0.000,0.087,0.996,0.000,0.000,0.087,0.996,0.000,0.000,0.087,0.996,0.000,0.000,0.087,0.996,0.000,0.000,0.087,0.996,0.000,0.000,0.087,0.996,0.000,0.000,0.087,0.996,0.000,0.000,0.087,0.996,0.000,0.000,0.087,0.996,0.000,0.000,0.087,0.996,0.000,0.000,-0.087,0.996,0.000,0.000,0.000,1.000,0.000,0.000,0.000,1.000,0.000,0.000,-0.087,0.996,0.000,0.000,-0.087,0.996,0.000,0.000,-0.087,0.996,0.000,0.000,-0.087,0.996,0.000,0.000,-0.087,0.996,0.000,0.000,-0.087,0.996,0.000,0.000,-0.087,0.996,0.000,0.000,-0.087,0.996,0.000,0.000,-0.087,0.996,0.000,0.000,-0.087,0.996,0.000,0.000,-0.087,0.996,0.000,0.000,-0.087,0.996,0.000,0.000,0.000,1.000,
-0.084,0.016,0.001,0.996,0.020,0.010,-0.036,0.999,0.057,-0.016,0.062,0.996,0.091,0.002,-0.001,0.996,0.050,0.006,-0.067,0.996,-0.058,0.025,0.054,0.997,-0.017,0.186,-0.036,0.982,0.100,0.000,-0.003,0.995,0.000,0.000,0.000,1.000,-0.097,-0.004,0.044,0.994,0.148,-0.015,-0.054,0.987,0.000,0.000,0.000,1.000,0.000,0.000,0.000,1.000,0.135,-0.059,-0.111,-0.983,0.171,0.101,0.328,-0.924,0.379,-0.602,0.126,-0.692,-0.286,-0.735,0.113,0.604,-0.568,0.053,0.247,-0.783,-0.688,-0.076,0.429,-0.581,0.000,0.000,0.000,1.000,0.000,0.000,0.000,1.000,0.000,0.000,0.000,1.000,0.000,0.000,0.000,1.000,0.000,0.000,0.000,0.000,0.000,0.000,0.087,0.996,0.000,0.000,0.174,0.985,0.000,-0.143,0.000,0.990,0.000,0.000,0.087,0.996,0.000,0.000,0.087,0.996,0.000,0.000,0.087,0.996,0.000,0.000,0.087,0.996,0.000,0.000,0.087,0.996,0.000,0.000,0.087,0.996,0.000,0.000,0.087,0.996,0.000,0.000,0.087,0.996,0.000,0.000,0.087,0.996,0.000,0.000,0.087,0.996,0.000,0.000,0.087,0.996,0.000,0.000,0.087,0.996,0.000,0.000,-0.087,0.996,0.000,0.000,0.000,1.000,0.000,0.000,0.000,1.000,0.000,0.000,-0.087,0.996,0.000,0.000,-0.087,0.996,0.000,0.000,-0.087,0.996,0.000,0.000,-0.087,0.996,0.000,0.000,-0.087,0.996,0.000,0.000,-0.087,0.996,0.000,0.000,-0.087,0.996,0.000,0.000,-0.087,0.996,0.000,0.000,-0.087,0.996,0.000,0.000,-0.087,0.996,0.000,0.000,-0.087,0.996,0.000,0.000,-0.087,0.996,0.000,0.000,0.000,1.000,
-0.081,0.029,0.002,0.996,0.025,0.011,-0.044,0.999,0.051,-0.015,0.061,0.997,0.092,0.001,0.009,0.996,0.060,0.006,-0.064,0.996,-0.084,0.103,0.066,0.989,-0.016,0.185,-0.037,0.982,0.029,-0.002,0.008,1.000,0.000,0.000,0.000,1.000,0.028,-0.004,0.023,0.999,0.122,-0.012,-0.032,0.992,0.000,0.000,0.000,1.000,0.000,0.000,0.000,1.000,0.004,-0.152,0.241,-0.958,-0.001,-0.198,0.164,0.967,0.619,-0.498,0.409,-0.448,0.533,0.548,-0.274,-0.583,-0.866,0.193,-0.198,-0.417,-0.561,-0.369,0.363,-0.646,0.000,0.000,0.000,1.000,0.000,0.000,0.000,1.000,0.000,0.000,0.000,1.000,0.000,0.000,0.000,1.000,0.000,0.000,0.000,0.000,0.000,0.000,0.087,0.996,0.000,0.000,0.174,0.985,0.000,-0.143,0.000,0.990,0.000,0.000,0.087,0.996,0.000,0.000,0.087,0.996,0.000,0.000,0.087,0.996,0.000,0.000,0.087,0.996,0.000,0.000,0.087,0.996,0.000,0.000,0.087,0.996,0.000,0.000,0.087,0.996,0.000,0.000,0.087,0.996,0.000,0.000,0.087,0.996,0.000,0.000,0.087,0.996,0.000,0.000,0.087,0.996,0.000,0.000,0.087,0.996,0.000,0.000,-0.087,0.996,0.000,0.000,0.000,1.000,0.000,0.000,0.000,1.000,0.000,0.000,-0.087,0.996,0.000,0.000,-0.087,0.996,0.000,0.000,-0.087,0.996,0.000,0.000,-0.087,0.996,0.000,0.000,-0.087,0.996,0.000,0.000,-0.087,0.996,0.000,0.000,-0.087,0.996,0.000,0.000,-0.087,0.996,0.000,0.000,-0.087,0.996,0.000,0.000,-0.087,0.996,0.000,0.000,-0.087,0.996,0.000,0.000,-0.087,0.996,0.000,0.000,0.000,1.000,
-0.082,-0.004,0.000,0.997,-0.010,0.009,-0.038,0.999,0.055,-0.017,0.067,0.996,0.119,0.002,0.010,0.993,0.014,0.012,-0.080,0.997,-0.172,0.022,0.057,0.983,-0.032,0.258,-0.027,0.965,0.053,0.000,0.000,0.999,0.000,0.000,0.000,1.000,-0.005,-0.005,0.034,0.999,0.119,0.024,-0.051,0.991,0.000,0.000,0.000,1.000,0.000,0.000,0.000,1.000,0.003,-0.185,0.380,-0.906,0.006,-0.199,0.406,0.892,0.800,-0.280,0.296,-0.440,0.628,0.434,-0.260,-0.591,-0.821,0.113,-0.087,-0.553,-0.458,-0.566,0.279,-0.627,0.000,0.000,0.000,1.000,0.000,0.000,0.000,1.000,0.000,0.000,0.000,1.000,0.000,0.000,0.000,1.000,0.000,0.000,0.000,0.000,0.000,0.000,0.087,0.996,0.000,0.000,0.174,0.985,0.000,-0.143,0.000,0.990,0.000,0.000,0.087,0.996,0.000,0.000,0.087,0.996,0.000,0.000,0.087,0.996,0.000,0.000,0.087,0.996,0.000,0.000,0.087,0.996,0.000,0.000,0.087,0.996,0.000,0.000,0.087,0.996,0.000,0.000,0.087,0.996,0.000,0.000,0.087,0.996,0.000,0.000,0.087,0.996,0.000,0.000,0.087,0.996,0.000,0.000,0.087,0.996,0.000,0.000,-0.087,0.996,0.000,0.000,0.000,1.000,0.000,0.000,0.000,1.000,0.000,0.000,-0.087,0.996,0.000,0.000,-0.087,0.996,0.000,0.000,-0.087,0.996,0.000,0.000,-0.087,0.996,0.000,0.000,-0.087,0.996,0.000,0.000,-0.087,0.996,0.000,0.000,-0.087,0.996,0.000,0.000,-0.087,0.996,0.000,0.000,-0.087,0.996,0.000,0.000,-0.087,0.996,0.000,0.000,-0.087,0.996,0.000,0.000,-0.087,0.996,0.000,0.000,0.000,1.000,
-0.086,0.028,0.002,0.996,0.015,0.010,-0.040,0.999,0.049,-0.017,0.071,0.996,0.092,0.000,0.018,0.996,0.027,0.012,-0.088,0.996,-0.154,-0.053,0.040,0.986,-0.035,0.252,-0.027,0.967,0.067,0.001,-0.007,0.998,0.000,0.000,0.000,1.000,-0.009,-0.003,0.021,1.000,0.124,-0.030,-0.051,0.990,0.000,0.000,0.000,1.000,0.000,0.000,0.000,1.000,0.017,-0.169,0.463,-0.870,0.030,-0.259,0.431,0.864,0.730,-0.365,0.482,-0.318,0.601,0.428,-0.216,-0.640,-0.689,0.576,0.310,-0.312,-0.602,-0.405,-0.260,-0.638,0.000,0.000,0.000,1.000,0.000,0.000,0.000,1.000,0.000,0.000,0.000,1.000,0.000,0.000,0.000,1.000,0.000,0.000,0.000,0.000,0.000,0.000,0.087,0.996,0.000,0.000,0.174,0.985,0.000,-0.143,0.000,0.990,0.000,0.000,0.087,0.996,0.000,0.000,0.087,0.996,0.000,0.000,0.087,0.996,0.000,0.000,0.087,0.996,0.000,0.000,0.087,0.996,0.000,0.000,0.087,0.996,0.000,0.000,0.087,0.996,0.000,0.000,0.087,0.996,0.000,0.000,0.087,0.996,0.000,0.000,0.087,0.996,0.000,0.000,0.087,0.996,0.000,0.000,0.087,0.996,0.000,0.000,-0.087,0.996,0.000,0.000,0.000,1.000,0.000,0.000,0.000,1.000,0.000,0.000,-0.087,0.996,0.000,0.000,-0.087,0.996,0.000,0.000,-0.087,0.996,0.000,0.000,-0.087,0.996,0.000,0.000,-0.087,0.996,0.000,0.000,-0.087,0.996,0.000,0.000,-0.087,0.996,0.000,0.000,-0.087,0.996,0.000,0.000,-0.087,0.996,0.000,0.000,-0.087,0.996,0.000,0.000,-0.087,0.996,0.000,0.000,-0.087,0.996,0.000,0.000,0.000,1.000,
-0.109,0.022,0.002,0.994,0.035,0.010,-0.037,0.999,0.075,-0.018,0.078,0.994,0.093,-0.001,0.027,0.995,0.003,0.012,-0.099,0.995,-0.178,-0.053,0.039,0.982,-0.073,0.166,-0.029,0.983,0.083,0.002,-0.011,0.997,0.000,0.000,0.000,1.000,-0.029,-0.003,0.031,0.999,0.127,-0.023,-0.055,0.990,0.000,0.000,0.000,1.000,0.000,0.000,0.000,1.000,0.020,-0.186,0.454,-0.871,0.030,-0.279,0.436,0.855,0.753,-0.338,0.478,-0.301,0.626,0.343,-0.163,-0.681,-0.676,0.449,0.360,-0.461,-0.631,-0.366,-0.324,-0.602,0.000,0.000,0.000,1.000,0.000,0.000,0.000,1.000,0.000,0.000,0.000,1.000,0.000,0.000,0.000,1.000,0.000,0.000,0.000,0.000,0.000,0.000,0.087,0.996,0.000,0.000,0.174,0.985,0.000,-0.143,0.000,0.990,0.000,0.000,0.087,0.996,0.000,0.000,0.087,0.996,0.000,0.000,0.087,0.996,0.000,0.000,0.087,0.996,0.000,0.000,0.087,0.996,0.000,0.000,0.087,0.996,0.000,0.000,0.087,0.996,0.000,0.000,0.087,0.996,0.000,0.000,0.087,0.996,0.000,0.000,0.087,0.996,0.000,0.000,0.087,0.996,0.000,0.000,0.087,0.996,0.000,0.000,-0.087,0.996,0.000,0.000,0.000,1.000,0.000,0.000,0.000,1.000,0.000,0.000,-0.087,0.996,0.000,0.000,-0.087,0.996,0.000,0.000,-0.087,0.996,0.000,0.000,-0.087,0.996,0.000,0.000,-0.087,0.996,0.000,0.000,-0.087,0.996,0.000,0.000,-0.087,0.996,0.000,0.000,-0.087,0.996,0.000,0.000,-0.087,0.996,0.000,0.000,-0.087,0.996,0.000,0.000,-0.087,0.996,0.000,0.000,-0.087,0.996,0.000,0.000,0.000,1.000,
-0.119,0.023,0.003,0.993,0.062,0.012,-0.042,0.997,0.098,-0.017,0.072,0.992,0.073,-0.001,0.024,0.997,-0.018,0.010,-0.083,0.996,-0.155,-0.036,0.044,0.986,-0.062,0.225,-0.024,0.972,0.095,0.001,-0.008,0.995,0.000,0.000,0.000,1.000,-0.028,-0.003,0.043,0.999,0.127,0.009,-0.057,0.990,0.000,0.000,0.000,1.000,0.000,0.000,0.000,1.000,-0.009,-0.271,0.412,-0.870,0.007,-0.262,0.426,0.866,0.718,-0.361,0.525,-0.279,0.613,0.312,-0.132,-0.714,-0.842,0.132,-0.250,-0.460,-0.692,-0.484,-0.365,-0.393,0.000,0.000,0.000,1.000,0.000,0.000,0.000,1.000,0.000,0.000,0.000,1.000,0.000,0.000,0.000,1.000,0.000,0.000,0.000,0.000,0.000,0.000,0.087,0.996,0.000,0.000,0.174,0.985,0.000,-0.143,0.000,0.990,0.000,0.000,0.087,0.996,0.000,0.000,0.087,0.996,0.000,0.000,0.087,0.996,0.000,0.000,0.087,0.996,0.000,0.000,0.087,0.996,0.000,0.000,0.087,0.996,0.000,0.000,0.087,0.996,0.000,0.000,0.087,0.996,0.000,0.000,0.087,0.996,0.000,0.000,0.087,0.996,0.000,0.000,0.087,0.996,0.000,0.000,0.087,0.996,0.000,0.000,-0.087,0.996,0.000,0.000,0.000,1.000,0.000,0.000,0.000,1.000,0.000,0.000,-0.087,0.996,0.000,0.000,-0.087,0.996,0.000,0.000,-0.087,0.996,0.000,0.000,-0.087,0.996,0.000,0.000,-0.087,0.996,0.000,0.000,-0.087,0.996,0.000,0.000,-0.087,0.996,0.000,0.000,-0.087,0.996,0.000,0.000,-0.087,0.996,0.000,0.000,-0.087,0.996,0.000,0.000,-0.087,0.996,0.000,0.000,-0.087,0.996,0.000,0.000,0.000,1.000,
-0.115,0.041,0.005,0.993,0.031,0.012,-0.045,0.998,0.082,-0.017,0.072,0.994,0.111,-0.001,0.034,0.993,-0.008,0.011,-0.089,0.996,-0.218,0.019,0.057,0.974,-0.132,0.125,-0.027,0.983,0.092,-0.001,0.004,0.996,0.000,0.000,0.000,1.000,-0.020,-0.001,0.019,1.000,0.125,0.021,-0.035,0.991,0.000,0.000,0.000,1.000,0.000,0.000,0.000,1.000,0.035,-0.176,0.426,-0.887,0.013,-0.290,0.374,0.881,0.733,-0.359,0.488,-0.308,0.491,0.323,-0.071,-0.806,-0.951,0.188,-0.206,-0.132,-0.486,-0.451,-0.432,-0.612,0.000,0.000,0.000,1.000,0.000,0.000,0.000,1.000,0.000,0.000,0.000,1.000,0.000,0.000,0.000,1.000,0.000,0.000,0.000,0.000,0.000,0.000,0.087,0.996,0.000,0.000,0.174,0.985,0.000,-0.143,0.000,0.990,0.000,0.000,0.087,0.996,0.000,0.000,0.087,0.996,0.000,0.000,0.087,0.996,0.000,0.000,0.087,0.996,0.000,0.000,0.087,0.996,0.000,0.000,0.087,0.996,0.000,0.000,0.087,0.996,0.000,0.000,0.087,0.996,0.000,0.000,0.087,0.996,0.000,0.000,0.087,0.996,0.000,0.000,0.087,0.996,0.000,0.000,0.087,0.996,0.000,0.000,-0.087,0.996,0.000,0.000,0.000,1.000,0.000,0.000,0.000,1.000,0.000,0.000,-0.087,0.996,0.000,0.000,-0.087,0.996,0.000,0.000,-0.087,0.996,0.000,0.000,-0.087,0.996,0.000,0.000,-0.087,0.996,0.000,0.000,-0.087,0.996,0.000,0.000,-0.087,0.996,0.000,0.000,-0.087,0.996,0.000,0.000,-0.087,0.996,0.000,0.000,-0.087,0.996,0.000,0.000,-0.087,0.996,0.000,0.000,-0.087,0.996,0.000,0.000,0.000,1.000,
-0.112,0.018,0.002,0.994,0.049,0.012,-0.043,0.998,0.090,-0.017,0.072,0.993,0.078,-0.001,0.025,0.997,-0.024,0.011,-0.076,0.997,-0.133,0.049,0.061,0.988,-0.038,0.212,-0.030,0.976,0.099,0.000,0.003,0.995,0.000,0.000,0.000,1.000,-0.027,-0.003,0.034,0.999,0.116,0.038,-0.035,0.992,0.000,0.000,0.000,1.000,0.000,0.000,0.000,1.000,0.035,-0.176,0.414,-0.892,0.007,-0.273,0.382,0.883,0.720,-0.381,0.471,-0.339,0.328,0.356,-0.008,-0.875,-0.917,0.352,-0.082,-0.167,-0.239,-0.512,-0.443,-0.696,0.000,0.000,0.000,1.000,0.000,0.000,0.000,1.000,0.000,0.000,0.000,1.000,0.000,0.000,0.000,1.000,0.000,0.000,0.000,0.000,0.000,0.000,0.087,0.996,0.000,0.000,0.174,0.985,0.000,-0.143,0.000,0.990,0.000,0.000,0.087,0.996,0.000,0.000,0.087,0.996,0.000,0.000,0.087,0.996,0.000,0.000,0.087,0.996,0.000,0.000,0.087,0.996,0.000,0.000,0.087,0.996,0.000,0.000,0.087,0.996,0.000,0.000,0.087,0.996,0.000,0.000,0.087,0.996,0.000,0.000,0.087,0.996,0.000,0.000,0.087,0.996,0.000,0.000,0.087,0.996,0.000,0.000,-0.087,0.996,0.000,0.000,0.000,1.000,0.000,0.000,0.000,1.000,0.000,0.000,-0.087,0.996,0.000,0.000,-0.087,0.996,0.000,0.000,-0.087,0.996,0.000,0.000,-0.087,0.996,0.000,0.000,-0.087,0.996,0.000,0.000,-0.087,0.996,0.000,0.000,-0.087,0.996,0.000,0.000,-0.087,0.996,0.000,0.000,-0.087,0.996,0.000,0.000,-0.087,0.996,0.000,0.000,-0.087,0.996,0.000,0.000,-0.087,0.996,0.000,0.000,0.000,1.000,
-0.119,0.020,0.002,0.993,0.051,0.011,-0.041,0.998,0.099,-0.017,0.072,0.992,0.083,-0.002,0.038,0.996,-0.024,0.009,-0.074,0.997,-0.166,0.039,0.060,0.984,-0.100,0.160,-0.026,0.982,0.104,-0.001,0.007,0.995,0.000,0.000,0.000,1.000,-0.031,-0.002,0.023,0.999,0.123,0.028,-0.029,0.992,0.000,0.000,0.000,1.000,0.000,0.000,0.000,1.000,0.046,-0.167,0.431,-0.885,-0.002,-0.280,0.369,0.886,0.731,-0.364,0.481,-0.319,-0.235,-0.356,-0.031,0.904,-0.963,0.153,-0.206,0.081,0.159,0.551,0.458,0.679,0.000,0.000,0.000,1.000,0.000,0.000,0.000,1.000,0.000,0.000,0.000,1.000,0.000,0.000,0.000,1.000,0.000,0.000,0.000,0.000,0.000,0.000,0.087,0.996,0.000,0.000,0.174,0.985,0.000,-0.143,0.000,0.990,0.000,0.000,0.087,0.996,0.000,0.000,0.087,0.996,0.000,0.000,0.087,0.996,0.000,0.000,0.087,0.996,0.000,0.000,0.087,0.996,0.000,0.000,0.087,0.996,0.000,0.000,0.087,0.996,0.000,0.000,0.087,0.996,0.000,0.000,0.087,0.996,0.000,0.000,0.087,0.996,0.000,0.000,0.087,0.996,0.000,0.000,0.087,0.996,0.000,0.000,-0.087,0.996,0.000,0.000,0.000,1.000,0.000,0.000,0.000,1.000,0.000,0.000,-0.087,0.996,0.000,0.000,-0.087,0.996,0.000,0.000,-0.087,0.996,0.000,0.000,-0.087,0.996,0.000,0.000,-0.087,0.996,0.000,0.000,-0.087,0.996,0.000,0.000,-0.087,0.996,0.000,0.000,-0.087,0.996,0.000,0.000,-0.087,0.996,0.000,0.000,-0.087,0.996,0.000,0.000,-0.087,0.996,0.000,0.000,-0.087,0.996,0.000,0.000,0.000,1.000,
-0.130,0.052,0.007,0.990,0.059,0.012,-0.045,0.997,0.098,-0.016,0.070,0.993,0.094,-0.001,0.046,0.995,-0.020,0.010,-0.090,0.996,-0.231,-0.029,0.043,0.972,-0.137,0.082,-0.035,0.987,0.115,-0.001,0.007,0.993,0.000,0.000,0.000,1.000,-0.015,-0.001,0.019,1.000,0.124,-0.005,-0.012,0.992,0.000,0.000,0.000,1.000,0.000,0.000,0.000,1.000,0.061,-0.156,0.409,-0.897,0.000,-0.321,0.333,0.887,0.740,-0.366,0.427,-0.370,0.217,0.300,0.038,-0.928,-0.839,0.434,-0.055,-0.322,-0.097,-0.478,-0.508,-0.710,0.000,0.000,0.000,1.000,0.000,0.000,0.000,1.000,0.000,0.000,0.000,1.000,0.000,0.000,0.000,1.000,0.000,0.000,0.000,0.000,0.000,0.000,0.087,0.996,0.000,0.000,0.174,0.985,0.000,-0.143,0.000,0.990,0.000,0.000,0.087,0.996,0.000,0.000,0.087,0.996,0.000,0.000,0.087,0.996,0.000,0.000,0.087,0.996,0.000,0.000,0.087,0.996,0.000,0.000,0.087,0.996,0.000,0.000,0.087,0.996,0.000,0.000,0.087,0.996,0.000,0.000,0.087,0.996,0.000,0.000,0.087,0.996,0.000,0.000,0.087,0.996,0.000,0.000,0.087,0.996,0.000,0.000,-0.087,0.996,0.000,0.000,0.000,1.000,0.000,0.000,0.000,1.000,0.000,0.000,-0.087,0.996,0.000,0.000,-0.087,0.996,0.000,0.000,-0.087,0.996,0.000,0.000,-0.087,0.996,0.000,0.000,-0.087,0.996,0.000,0.000,-0.087,0.996,0.000,0.000,-0.087,0.996,0.000,0.000,-0.087,0.996,0.000,0.000,-0.087,0.996,0.000,0.000,-0.087,0.996,0.000,0.000,-0.087,0.996,0.000,0.000,-0.087,0.996,0.000,0.000,0.000,1.000,
-0.116,0.047,0.005,0.992,0.045,0.012,-0.046,0.998,0.084,-0.017,0.071,0.994,0.103,-0.001,0.031,0.994,0.026,0.007,-0.084,0.996,-0.193,0.092,0.075,0.974,-0.067,0.208,-0.025,0.975,0.095,-0.001,0.005,0.995,0.000,0.000,0.000,1.000,-0.015,-0.001,0.012,1.000,0.122,0.017,-0.021,0.992,0.000,0.000,0.000,1.000,0.000,0.000,0.000,1.000,0.015,-0.234,0.375,-0.897,0.012,-0.301,0.350,0.887,0.749,-0.355,0.419,-0.370,0.547,0.298,-0.087,-0.778,-0.920,0.272,-0.075,-0.271,-0.343,-0.299,-0.445,-0.772,0.000,0.000,0.000,1.000,0.000,0.000,0.000,1.000,0.000,0.000,0.000,1.000,0.000,0.000,0.000,1.000,0.000,0.000,0.000,0.000,0.000,0.000,0.087,0.996,0.000,0.000,0.174,0.985,0.000,-0.143,0.000,0.990,0.000,0.000,0.087,0.996,0.000,0.000,0.087,0.996,0.000,0.000,0.087,0.996,0.000,0.000,0.087,0.996,0.000,0.000,0.087,0.996,0.000,0.000,0.087,0.996,0.000,0.000,0.087,0.996,0.000,0.000,0.087,0.996,0.000,0.000,0.087,0.996,0.000,0.000,0.087,0.996,0.000,0.000,0.087,0.996,0.000,0.000,0.087,0.996,0.000,0.000,-0.087,0.996,0.000,0.000,0.000,1.000,0.000,0.000,0.000,1.000,0.000,0.000,-0.087,0.996,0.000,0.000,-0.087,0.996,0.000,0.000,-0.087,0.996,0.000,0.000,-0.087,0.996,0.000,0.000,-0.087,0.996,0.000,0.000,-0.087,0.996,0.000,0.000,-0.087,0.996,0.000,0.000,-0.087,0.996,0.000,0.000,-0.087,0.996,0.000,0.000,-0.087,0.996,0.000,0.000,-0.087,0.996,0.000,0.000,-0.087,0.996,0.000,0.000,0.000,1.000,
-0.093,0.013,0.001,0.996,0.019,0.010,-0.036,0.999,0.059,-0.018,0.074,0.995,0.085,-0.001,0.021,0.996,0.012,0.012,-0.090,0.996,-0.178,0.076,0.070,0.979,-0.077,0.212,-0.022,0.974,0.070,-0.001,0.007,0.998,0.000,0.000,0.000,1.000,-0.024,0.000,0.000,1.000,0.122,0.060,-0.015,0.991,0.000,0.000,0.000,1.000,0.000,0.000,0.000,1.000,0.009,-0.196,0.415,-0.889,0.019,-0.269,0.370,0.889,0.718,-0.385,0.465,-0.347,0.538,0.573,-0.345,-0.513,-0.878,0.441,0.083,0.166,-0.701,-0.225,0.190,-0.649,0.000,0.000,0.000,1.000,0.000,0.000,0.000,1.000,0.000,0.000,0.000,1.000,0.000,0.000,0.000,1.000,0.000,0.000,0.000,0.000,0.000,0.000,0.087,0.996,0.000,0.000,0.174,0.985,0.000,-0.143,0.000,0.990,0.000,0.000,0.087,0.996,0.000,0.000,0.087,0.996,0.000,0.000,0.087,0.996,0.000,0.000,0.087,0.996,0.000,0.000,0.087,0.996,0.000,0.000,0.087,0.996,0.000,0.000,0.087,0.996,0.000,0.000,0.087,0.996,0.000,0.000,0.087,0.996,0.000,0.000,0.087,0.996,0.000,0.000,0.087,0.996,0.000,0.000,0.087,0.996,0.000,0.000,-0.087,0.996,0.000,0.000,0.000,1.000,0.000,0.000,0.000,1.000,0.000,0.000,-0.087,0.996,0.000,0.000,-0.087,0.996,0.000,0.000,-0.087,0.996,0.000,0.000,-0.087,0.996,0.000,0.000,-0.087,0.996,0.000,0.000,-0.087,0.996,0.000,0.000,-0.087,0.996,0.000,0.000,-0.087,0.996,0.000,0.000,-0.087,0.996,0.000,0.000,-0.087,0.996,0.000,0.000,-0.087,0.996,0.000,0.000,-0.087,0.996,0.000,0.000,0.000,1.000,
-0.129,0.010,0.001,0.992,0.051,0.011,-0.040,0.998,0.114,-0.017,0.074,0.991,0.098,0.000,0.023,0.995,0.004,0.005,-0.086,0.996,-0.178,0.106,0.077,0.975,-0.060,0.238,-0.023,0.969,0.110,0.000,0.003,0.994,0.000,0.000,0.000,1.000,-0.022,-0.003,0.031,0.999,0.104,0.070,-0.038,0.991,0.000,0.000,0.000,1.000,0.000,0.000,0.000,1.000,0.025,-0.200,0.408,-0.891,0.015,-0.287,0.384,0.878,0.685,-0.426,0.438,-0.396,0.579,0.520,-0.317,-0.542,0.483,-0.657,-0.085,-0.573,-0.777,-0.252,0.060,-0.573,0.000,0.000,0.000,1.000,0.000,0.000,0.000,1.000,0.000,0.000,0.000,1.000,0.000,0.000,0.000,1.000,0.000,0.000,0.000,0.000,0.000,0.000,0.087,0.996,0.000,0.000,0.174,0.985,0.000,-0.143,0.000,0.990,0.000,0.000,0.087,0.996,0.000,0.000,0.087,0.996,0.000,0.000,0.087,0.996,0.000,0.000,0.087,0.996,0.000,0.000,0.087,0.996,0.000,0.000,0.087,0.996,0.000,0.000,0.087,0.996,0.000,0.000,0.087,0.996,0.000,0.000,0.087,0.996,0.000,0.000,0.087,0.996,0.000,0.000,0.087,0.996,0.000,0.000,0.087,0.996,0.000,0.000,-0.087,0.996,0.000,0.000,0.000,1.000,0.000,0.000,0.000,1.000,0.000,0.000,-0.087,0.996,0.000,0.000,-0.087,0.996,0.000,0.000,-0.087,0.996,0.000,0.000,-0.087,0.996,0.000,0.000,-0.087,0.996,0.000,0.000,-0.087,0.996,0.000,0.000,-0.087,0.996,0.000,0.000,-0.087,0.996,0.000,0.000,-0.087,0.996,0.000,0.000,-0.087,0.996,0.000,0.000,-0.087,0.996,0.000,0.000,-0.087,0.996,0.000,0.000,0.000,1.000,
-0.115,-0.001,0.000,0.993,0.023,0.010,-0.036,0.999,0.095,-0.017,0.075,0.993,0.117,0.001,0.018,0.993,-0.024,0.011,-0.087,0.996,-0.167,0.080,0.070,0.980,-0.075,0.163,-0.029,0.983,0.089,-0.001,0.004,0.996,0.000,0.000,0.000,1.000,0.045,0.003,-0.026,-0.999,-0.126,-0.067,0.038,-0.989,0.000,0.000,0.000,1.000,0.000,0.000,0.000,1.000,0.029,-0.190,0.422,-0.886,-0.011,-0.228,0.413,0.882,0.647,-0.464,0.370,-0.479,0.560,0.543,-0.324,-0.535,0.749,-0.609,0.253,-0.066,-0.728,-0.130,0.244,-0.627,0.000,0.000,0.000,1.000,0.000,0.000,0.000,1.000,0.000,0.000,0.000,1.000,0.000,0.000,0.000,1.000,0.000,0.000,0.000,0.000,0.000,0.000,0.087,0.996,0.000,0.000,0.174,0.985,0.000,-0.143,0.000,0.990,0.000,0.000,0.087,0.996,0.000,0.000,0.087,0.996,0.000,0.000,0.087,0.996,0.000,0.000,0.087,0.996,0.000,0.000,0.087,0.996,0.000,0.000,0.087,0.996,0.000,0.000,0.087,0.996,0.000,0.000,0.087,0.996,0.000,0.000,0.087,0.996,0.000,0.000,0.087,0.996,0.000,0.000,0.087,0.996,0.000,0.000,0.087,0.996,0.000,0.000,-0.087,0.996,0.000,0.000,0.000,1.000,0.000,0.000,0.000,1.000,0.000,0.000,-0.087,0.996,0.000,0.000,-0.087,0.996,0.000,0.000,-0.087,0.996,0.000,0.000,-0.087,0.996,0.000,0.000,-0.087,0.996,0.000,0.000,-0.087,0.996,0.000,0.000,-0.087,0.996,0.000,0.000,-0.087,0.996,0.000,0.000,-0.087,0.996,0.000,0.000,-0.087,0.996,0.000,0.000,-0.087,0.996,0.000,0.000,-0.087,0.996,0.000,0.000,0.000,1.000,
-0.115,0.007,0.001,0.993,0.048,0.010,-0.037,0.998,0.090,-0.017,0.073,0.993,0.085,-0.001,0.026,0.996,-0.015,0.010,-0.082,0.996,-0.149,0.010,0.054,0.987,-0.151,0.155,-0.019,0.976,0.086,-0.002,0.010,0.996,0.000,0.000,0.000,1.000,-0.031,0.001,-0.007,0.999,0.120,0.091,-0.036,0.988,0.000,0.000,0.000,1.000,0.000,0.000,0.000,1.000,-0.021,-0.299,0.362,-0.883,-0.011,-0.229,0.372,0.899,0.799,-0.295,0.346,-0.393,0.615,0.352,-0.162,-0.687,-0.721,0.431,0.459,-0.288,-0.731,-0.125,-0.234,-0.629,0.000,0.000,0.000,1.000,0.000,0.000,0.000,1.000,0.000,0.000,0.000,1.000,0.000,0.000,0.000,1.000,0.000,0.000,0.000,0.000,0.000,0.000,0.087,0.996,0.000,0.000,0.174,0.985,0.000,-0.143,0.000,0.990,0.000,0.000,0.087,0.996,0.000,0.000,0.087,0.996,0.000,0.000,0.087,0.996,0.000,0.000,0.087,0.996,0.000,0.000,0.087,0.996,0.000,0.000,0.087,0.996,0.000,0.000,0.087,0.996,0.000,0.000,0.087,0.996,0.000,0.000,0.087,0.996,0.000,0.000,0.087,0.996,0.000,0.000,0.087,0.996,0.000,0.000,0.087,0.996,0.000,0.000,-0.087,0.996,0.000,0.000,0.000,1.000,0.000,0.000,0.000,1.000,0.000,0.000,-0.087,0.996,0.000,0.000,-0.087,0.996,0.000,0.000,-0.087,0.996,0.000,0.000,-0.087,0.996,0.000,0.000,-0.087,0.996,0.000,0.000,-0.087,0.996,0.000,0.000,-0.087,0.996,0.000,0.000,-0.087,0.996,0.000,0.000,-0.087,0.996,0.000,0.000,-0.087,0.996,0.000,0.000,-0.087,0.996,0.000,0.000,-0.087,0.996,0.000,0.000,0.000,1.000,
-0.130,0.002,0.000,0.991,0.064,0.011,-0.039,0.997,0.116,-0.017,0.076,0.990,0.082,-0.001,0.035,0.996,-0.033,0.009,-0.087,0.996,-0.148,0.076,0.067,0.984,-0.138,0.189,-0.014,0.972,0.110,0.000,0.000,0.994,0.000,0.000,0.000,1.000,0.036,0.003,-0.035,-0.999,-0.106,-0.047,0.060,-0.991,0.000,0.000,0.000,1.000,0.000,0.000,0.000,1.000,-0.013,-0.314,0.336,-0.888,0.008,-0.270,0.401,0.876,0.819,-0.268,0.321,-0.392,0.610,0.472,-0.288,-0.568,-0.773,0.413,0.434,-0.208,-0.896,-0.117,0.003,-0.428,0.000,0.000,0.000,1.000,0.000,0.000,0.000,1.000,0.000,0.000,0.000,1.000,0.000,0.000,0.000,1.000,0.000,0.000,0.000,0.000,0.000,0.000,0.087,0.996,0.000,0.000,0.174,0.985,0.000,-0.143,0.000,0.990,0.000,0.000,0.087,0.996,0.000,0.000,0.087,0.996,0.000,0.000,0.087,0.996,0.000,0.000,0.087,0.996,0.000,0.000,0.087,0.996,0.000,0.000,0.087,0.996,0.000,0.000,0.087,0.996,0.000,0.000,0.087,0.996,0.000,0.000,0.087,0.996,0.000,0.000,0.087,0.996,0.000,0.000,0.087,0.996,0.000,0.000,0.087,0.996,0.000,0.000,-0.087,0.996,0.000,0.000,0.000,1.000,0.000,0.000,0.000,1.000,0.000,0.000,-0.087,0.996,0.000,0.000,-0.087,0.996,0.000,0.000,-0.087,0.996,0.000,0.000,-0.087,0.996,0.000,0.000,-0.087,0.996,0.000,0.000,-0.087,0.996,0.000,0.000,-0.087,0.996,0.000,0.000,-0.087,0.996,0.000,0.000,-0.087,0.996,0.000,0.000,-0.087,0.996,0.000,0.000,-0.087,0.996,0.000,0.000,-0.087,0.996,0.000,0.000,0.000,1.000,
-0.113,0.026,0.003,0.993,0.046,0.011,-0.041,0.998,0.084,-0.017,0.074,0.994,0.087,-0.001,0.030,0.996,-0.022,0.013,-0.092,0.995,-0.163,-0.024,0.046,0.985,-0.121,0.132,-0.027,0.983,0.094,0.000,0.000,0.996,0.000,0.000,0.000,1.000,0.070,0.001,-0.011,-0.997,-0.125,-0.035,0.066,-0.989,0.000,0.000,0.000,1.000,0.000,0.000,0.000,1.000,0.019,-0.233,0.379,-0.895,0.019,-0.295,0.397,0.869,0.791,-0.306,0.367,-0.382,0.556,0.449,-0.189,-0.674,-0.875,0.136,0.012,-0.464,-0.613,-0.528,-0.303,-0.504,0.000,0.000,0.000,1.000,0.000,0.000,0.000,1.000,0.000,0.000,0.000,1.000,0.000,0.000,0.000,1.000,0.000,0.000,0.000,0.000,0.000,0.000,0.087,0.996,0.000,0.000,0.174,0.985,0.000,-0.143,0.000,0.990,0.000,0.000,0.087,0.996,0.000,0.000,0.087,0.996,0.000,0.000,0.087,0.996,0.000,0.000,0.087,0.996,0.000,0.000,0.087,0.996,0.000,0.000,0.087,0.996,0.000,0.000,0.087,0.996,0.000,0.000,0.087,0.996,0.000,0.000,0.087,0.996,0.000,0.000,0.087,0.996,0.000,0.000,0.087,0.996,0.000,0.000,0.087,0.996,0.000,0.000,-0.087,0.996,0.000,0.000,0.000,1.000,0.000,0.000,0.000,1.000,0.000,0.000,-0.087,0.996,0.000,0.000,-0.087,0.996,0.000,0.000,-0.087,0.996,0.000,0.000,-0.087,0.996,0.000,0.000,-0.087,0.996,0.000,0.000,-0.087,0.996,0.000,0.000,-0.087,0.996,0.000,0.000,-0.087,0.996,0.000,0.000,-0.087,0.996,0.000,0.000,-0.087,0.996,0.000,0.000,-0.087,0.996,0.000,0.000,-0.087,0.996,0.000,0.000,0.000,1.000,
-0.108,0.043,0.005,0.993,0.044,0.012,-0.045,0.998,0.070,-0.018,0.077,0.994,0.091,-0.001,0.027,0.995,-0.006,0.014,-0.101,0.995,-0.151,-0.022,0.047,0.987,-0.118,0.152,-0.024,0.981,0.077,0.000,0.002,0.997,0.000,0.000,0.000,1.000,-0.014,0.000,0.003,1.000,0.134,0.004,-0.038,0.990,0.000,0.000,0.000,1.000,0.000,0.000,0.000,1.000,0.045,-0.154,0.378,-0.912,0.012,-0.277,0.375,0.885,0.677,-0.432,0.369,-0.468,0.657,0.394,-0.245,-0.594,-0.744,0.636,0.195,-0.061,-0.559,-0.287,0.237,-0.741,0.000,0.000,0.000,1.000,0.000,0.000,0.000,1.000,0.000,0.000,0.000,1.000,0.000,0.000,0.000,1.000,0.000,0.000,0.000,0.000,0.000,0.000,0.087,0.996,0.000,0.000,0.174,0.985,0.000,-0.143,0.000,0.990,0.000,0.000,0.087,0.996,0.000,0.000,0.087,0.996,0.000,0.000,0.087,0.996,0.000,0.000,0.087,0.996,0.000,0.000,0.087,0.996,0.000,0.000,0.087,0.996,0.000,0.000,0.087,0.996,0.000,0.000,0.087,0.996,0.000,0.000,0.087,0.996,0.000,0.000,0.087,0.996,0.000,0.000,0.087,0.996,0.000,0.000,0.087,0.996,0.000,0.000,-0.087,0.996,0.000,0.000,0.000,1.000,0.000,0.000,0.000,1.000,0.000,0.000,-0.087,0.996,0.000,0.000,-0.087,0.996,0.000,0.000,-0.087,0.996,0.000,0.000,-0.087,0.996,0.000,0.000,-0.087,0.996,0.000,0.000,-0.087,0.996,0.000,0.000,-0.087,0.996,0.000,0.000,-0.087,0.996,0.000,0.000,-0.087,0.996,0.000,0.000,-0.087,0.996,0.000,0.000,-0.087,0.996,0.000,0.000,-0.087,0.996,0.000,0.000,0.000,1.000,
-0.095,0.051,0.005,0.994,0.057,0.012,-0.043,0.997,0.053,-0.020,0.083,0.995,0.078,-0.001,0.023,0.997,0.005,0.015,-0.098,0.995,-0.123,-0.061,0.040,0.990,-0.042,0.091,-0.042,0.994,0.089,-0.003,0.017,0.996,0.000,0.000,0.000,1.000,-0.018,0.003,-0.025,1.000,0.117,-0.013,-0.053,0.992,0.000,0.000,0.000,1.000,0.000,0.000,0.000,1.000,0.082,-0.033,0.045,-0.995,0.087,0.202,0.022,-0.975,0.664,-0.329,0.182,-0.646,-0.396,-0.415,0.055,0.817,-0.713,-0.334,-0.556,-0.268,-0.623,0.032,0.541,-0.564,0.000,0.000,0.000,1.000,0.000,0.000,0.000,1.000,0.000,0.000,0.000,1.000,0.000,0.000,0.000,1.000,0.000,0.000,0.000,0.000,0.000,0.000,0.087,0.996,0.000,0.000,0.174,0.985,0.000,-0.143,0.000,0.990,0.000,0.000,0.087,0.996,0.000,0.000,0.087,0.996,0.000,0.000,0.087,0.996,0.000,0.000,0.087,0.996,0.000,0.000,0.087,0.996,0.000,0.000,0.087,0.996,0.000,0.000,0.087,0.996,0.000,0.000,0.087,0.996,0.000,0.000,0.087,0.996,0.000,0.000,0.087,0.996,0.000,0.000,0.087,0.996,0.000,0.000,0.087,0.996,0.000,0.000,-0.087,0.996,0.000,0.000,0.000,1.000,0.000,0.000,0.000,1.000,0.000,0.000,-0.087,0.996,0.000,0.000,-0.087,0.996,0.000,0.000,-0.087,0.996,0.000,0.000,-0.087,0.996,0.000,0.000,-0.087,0.996,0.000,0.000,-0.087,0.996,0.000,0.000,-0.087,0.996,0.000,0.000,-0.087,0.996,0.000,0.000,-0.087,0.996,0.000,0.000,-0.087,0.996,0.000,0.000,-0.087,0.996,0.000,0.000,-0.087,0.996,0.000,0.000,0.000,1.000,
-0.120,0.032,0.004,0.992,0.055,0.010,-0.035,0.998,0.090,-0.017,0.076,0.993,0.086,-0.001,0.026,0.996,-0.007,0.010,-0.096,0.995,-0.126,0.059,0.062,0.988,-0.106,0.134,-0.029,0.985,0.151,-0.001,0.015,0.988,0.000,0.000,0.000,1.000,-0.067,0.000,0.003,0.998,0.098,-0.005,-0.040,0.994,0.000,0.000,0.000,1.000,0.000,0.000,0.000,1.000,0.051,0.140,-0.546,-0.825,0.153,-0.001,0.555,-0.818,-0.101,-0.117,-0.073,-0.985,0.298,-0.190,-0.144,0.924,0.369,-0.006,0.536,0.759,-0.630,0.016,0.282,-0.723,0.000,0.000,0.000,1.000,0.000,0.000,0.000,1.000,0.000,0.000,0.000,1.000,0.000,0.000,0.000,1.000,0.000,0.000,0.000,0.000,0.000,0.000,0.087,0.996,0.000,0.000,0.174,0.985,0.000,-0.143,0.000,0.990,0.000,0.000,0.087,0.996,0.000,0.000,0.087,0.996,0.000,0.000,0.087,0.996,0.000,0.000,0.087,0.996,0.000,0.000,0.087,0.996,0.000,0.000,0.087,0.996,0.000,0.000,0.087,0.996,0.000,0.000,0.087,0.996,0.000,0.000,0.087,0.996,0.000,0.000,0.087,0.996,0.000,0.000,0.087,0.996,0.000,0.000,0.087,0.996,0.000,0.000,-0.087,0.996,0.000,0.000,0.000,1.000,0.000,0.000,0.000,1.000,0.000,0.000,-0.087,0.996,0.000,0.000,-0.087,0.996,0.000,0.000,-0.087,0.996,0.000,0.000,-0.087,0.996,0.000,0.000,-0.087,0.996,0.000,0.000,-0.087,0.996,0.000,0.000,-0.087,0.996,0.000,0.000,-0.087,0.996,0.000,0.000,-0.087,0.996,0.000,0.000,-0.087,0.996,0.000,0.000,-0.087,0.996,0.000,0.000,-0.087,0.996,0.000,0.000,0.000,1.000,
-0.139,0.040,0.006,0.989,0.081,0.012,-0.042,0.996,0.107,-0.018,0.084,0.991,0.080,-0.001,0.031,0.996,0.007,0.006,-0.098,0.995,-0.137,0.117,0.075,0.981,-0.093,0.105,-0.035,0.990,0.180,-0.001,0.015,0.983,0.000,0.000,0.000,1.000,-0.103,0.000,0.020,0.994,0.127,-0.031,-0.023,0.991,0.000,0.000,0.000,1.000,0.000,0.000,0.000,1.000,0.075,0.107,-0.657,-0.742,0.157,-0.025,0.623,-0.766,-0.731,-0.031,-0.051,-0.680,-0.872,0.026,0.057,-0.486,-0.320,0.257,0.350,0.842,0.098,-0.060,-0.374,0.920,0.000,0.000,0.000,1.000,0.000,0.000,0.000,1.000,0.000,0.000,0.000,1.000,0.000,0.000,0.000,1.000,0.000,0.000,0.000,0.000,0.000,0.000,0.087,0.996,0.000,0.000,0.174,0.985,0.000,-0.143,0.000,0.990,0.000,0.000,0.087,0.996,0.000,0.000,0.087,0.996,0.000,0.000,0.087,0.996,0.000,0.000,0.087,0.996,0.000,0.000,0.087,0.996,0.000,0.000,0.087,0.996,0.000,0.000,0.087,0.996,0.000,0.000,0.087,0.996,0.000,0.000,0.087,0.996,0.000,0.000,0.087,0.996,0.000,0.000,0.087,0.996,0.000,0.000,0.087,0.996,0.000,0.000,-0.087,0.996,0.000,0.000,0.000,1.000,0.000,0.000,0.000,1.000,0.000,0.000,-0.087,0.996,0.000,0.000,-0.087,0.996,0.000,0.000,-0.087,0.996,0.000,0.000,-0.087,0.996,0.000,0.000,-0.087,0.996,0.000,0.000,-0.087,0.996,0.000,0.000,-0.087,0.996,0.000,0.000,-0.087,0.996,0.000,0.000,-0.087,0.996,0.000,0.000,-0.087,0.996,0.000,0.000,-0.087,0.996,0.000,0.000,-0.087,0.996,0.000,0.000,0.000,1.000,
