-0.064,0.048,0.003,0.997,-0.029,0.021,-0.079,0.996,0.015,-0.013,0.051,0.998,0.190,0.000,0.053,0.980,0.113,0.003,-0.054,0.992,-0.155,-0.202,0.007,0.967,-0.110,0.109,-0.033,0.987,-0.154,0.001,-0.011,-0.988,0.000,0.000,0.000,1.000,0.113,0.000,0.003,-0.994,0.123,0.027,0.046,0.991,0.000,0.000,0.000,1.000,0.000,0.000,0.000,1.000,-0.070,-0.117,0.605,0.784,-0.120,0.060,-0.592,0.794,0.041,-0.102,-0.053,-0.993,0.020,-0.180,-0.081,0.980,-0.775,0.304,-0.364,-0.417,-0.268,0.139,0.438,-0.847,0.000,0.000,0.000,1.000,0.000,0.000,0.000,1.000,0.000,0.000,0.000,1.000,0.000,0.000,0.000,1.000,0.000,0.000,0.000,0.000,0.000,0.000,0.087,0.996,0.000,0.000,0.174,0.985,0.000,-0.143,0.000,0.990,0.000,0.000,0.087,0.996,0.000,0.000,0.087,0.996,0.000,0.000,0.087,0.996,0.000,0.000,0.087,0.996,0.000,0.000,0.087,0.996,0.000,0.000,0.087,0.996,0.000,0.000,0.087,0.996,0.000,0.000,0.087,0.996,0.000,0.000,0.087,0.996,0.000,0.000,0.087,0.996,0.000,0.000,0.087,0.996,0.000,0.000,0.087,0.996,0.000,0.000,-0.087,0.996,0.000,0.000,0.000,1.000,0.000,0.000,0.000,1.000,0.000,0.000,-0.087,0.996,0.000,0.000,-0.087,0.996,0.000,0.000,-0.087,0.996,0.000,0.000,-0.087,0.996,0.000,0.000,-0.087,0.996,0.000,0.000,-0.087,0.996,0.000,0.000,-0.087,0.996,0.000,0.000,-0.087,0.996,0.000,0.000,-0.087,0.996,0.000,0.000,-0.087,0.996,0.000,0.000,-0.087,0.996,0.000,0.000,-0.087,0.996,0.000,0.000,0.000,1.000,
-0.063,0.049,0.003,0.997,-0.030,0.021,-0.081,0.996,0.013,-0.014,0.055,0.998,0.188,-0.001,0.055,0.981,0.114,0.004,-0.057,0.992,-0.158,-0.206,0.006,0.966,-0.114,0.112,-0.032,0.987,-0.155,0.001,-0.013,-0.988,0.000,0.000,0.000,1.000,0.120,0.000,0.007,-0.993,0.124,0.030,0.054,0.990,0.000,0.000,0.000,1.000,0.000,0.000,0.000,1.000,-0.071,-0.116,0.613,0.779,-0.119,0.062,-0.605,0.785,0.032,-0.103,-0.054,-0.993,0.028,-0.180,-0.082,0.980,-0.773,0.314,-0.363,-0.414,-0.271,0.151,0.429,-0.848,0.000,0.000,0.000,1.000,0.000,0.000,0.000,1.000,0.000,0.000,0.000,1.000,0.000,0.000,0.000,1.000,0.000,0.000,0.000,0.000,0.000,0.000,0.087,0.996,0.000,0.000,0.174,0.985,0.000,-0.143,0.000,0.990,0.000,0.000,0.087,0.996,0.000,0.000,0.087,0.996,0.000,0.000,0.087,0.996,0.000,0.000,0.087,0.996,0.000,0.000,0.087,0.996,0.000,0.000,0.087,0.996,0.000,0.000,0.087,0.996,0.000,0.000,0.087,0.996,0.000,0.000,0.087,0.996,0.000,0.000,0.087,0.996,0.000,0.000,0.087,0.996,0.000,0.000,0.087,0.996,0.000,0.000,-0.087,0.996,0.000,0.000,0.000,1.000,0.000,0.000,0.000,1.000,0.000,0.000,-0.087,0.996,0.000,0.000,-0.087,0.996,0.000,0.000,-0.087,0.996,0.000,0.000,-0.087,0.996,0.000,0.000,-0.087,0.996,0.000,0.000,-0.087,0.996,0.000,0.000,-0.087,0.996,0.000,0.000,-0.087,0.996,0.000,0.000,-0.087,0.996,0.000,0.000,-0.087,0.996,0.000,0.000,-0.087,0.996,0.000,0.000,-0.087,0.996,0.000,0.000,0.000,1.000,
-0.079,0.033,0.003,0.996,-0.032,0.019,-0.074,0.997,0.041,-0.012,0.045,0.998,0.194,0.002,0.035,0.980,0.119,0.001,-0.050,0.992,-0.141,-0.188,0.013,0.972,-0.116,0.114,-0.031,0.986,-0.159,0.001,-0.008,-0.987,0.000,0.000,0.000,1.000,0.126,0.000,-0.001,-0.992,0.122,0.012,0.023,0.992,0.000,0.000,0.000,1.000,0.000,0.000,0.000,1.000,-0.061,-0.132,0.595,0.790,-0.083,0.103,-0.616,0.777,-0.132,-0.096,-0.068,-0.984,-0.007,-0.202,-0.081,0.976,-0.568,0.171,-0.438,-0.676,-0.541,-0.058,0.557,-0.628,0.000,0.000,0.000,1.000,0.000,0.000,0.000,1.000,0.000,0.000,0.000,1.000,0.000,0.000,0.000,1.000,0.000,0.000,0.000,0.000,0.000,0.000,0.087,0.996,0.000,0.000,0.174,0.985,0.000,-0.143,0.000,0.990,0.000,0.000,0.087,0.996,0.000,0.000,0.087,0.996,0.000,0.000,0.087,0.996,0.000,0.000,0.087,0.996,0.000,0.000,0.087,0.996,0.000,0.000,0.087,0.996,0.000,0.000,0.087,0.996,0.000,0.000,0.087,0.996,0.000,0.000,0.087,0.996,0.000,0.000,0.087,0.996,0.000,0.000,0.087,0.996,0.000,0.000,0.087,0.996,0.000,0.000,-0.087,0.996,0.000,0.000,0.000,1.000,0.000,0.000,0.000,1.000,0.000,0.000,-0.087,0.996,0.000,0.000,-0.087,0.996,0.000,0.000,-0.087,0.996,0.000,0.000,-0.087,0.996,0.000,0.000,-0.087,0.996,0.000,0.000,-0.087,0.996,0.000,0.000,-0.087,0.996,0.000,0.000,-0.087,0.996,0.000,0.000,-0.087,0.996,0.000,0.000,-0.087,0.996,0.000,0.000,-0.087,0.996,0.000,0.000,-0.087,0.996,0.000,0.000,0.000,1.000,
-0.091,0.009,0.001,0.996,0.016,0.021,-0.084,0.996,0.061,-0.012,0.042,0.997,0.163,0.002,0.035,0.986,0.123,-0.001,-0.056,0.991,-0.125,-0.167,0.020,0.978,-0.110,0.163,-0.024,0.980,-0.171,0.001,-0.012,-0.985,0.000,0.000,0.000,1.000,0.125,-0.002,0.054,-0.991,0.121,0.032,0.096,0.988,0.000,0.000,0.000,1.000,0.000,0.000,0.000,1.000,-0.070,-0.126,0.585,0.798,-0.074,0.110,-0.642,0.756,-0.221,-0.110,-0.084,-0.965,0.084,-0.165,-0.088,0.979,-0.495,0.180,-0.443,-0.725,-0.702,-0.128,0.424,-0.558,0.000,0.000,0.000,1.000,0.000,0.000,0.000,1.000,0.000,0.000,0.000,1.000,0.000,0.000,0.000,1.000,0.000,0.000,0.000,0.000,0.000,0.000,0.087,0.996,0.000,0.000,0.174,0.985,0.000,-0.143,0.000,0.990,0.000,0.000,0.087,0.996,0.000,0.000,0.087,0.996,0.000,0.000,0.087,0.996,0.000,0.000,0.087,0.996,0.000,0.000,0.087,0.996,0.000,0.000,0.087,0.996,0.000,0.000,0.087,0.996,0.000,0.000,0.087,0.996,0.000,0.000,0.087,0.996,0.000,0.000,0.087,0.996,0.000,0.000,0.087,0.996,0.000,0.000,0.087,0.996,0.000,0.000,-0.087,0.996,0.000,0.000,0.000,1.000,0.000,0.000,0.000,1.000,0.000,0.000,-0.087,0.996,0.000,0.000,-0.087,0.996,0.000,0.000,-0.087,0.996,0.000,0.000,-0.087,0.996,0.000,0.000,-0.087,0.996,0.000,0.000,-0.087,0.996,0.000,0.000,-0.087,0.996,0.000,0.000,-0.087,0.996,0.000,0.000,-0.087,0.996,0.000,0.000,-0.087,0.996,0.000,0.000,-0.087,0.996,0.000,0.000,-0.087,0.996,0.000,0.000,0.000,1.000,
-0.100,0.008,0.001,0.995,0.037,0.023,-0.097,0.994,0.073,-0.011,0.039,0.997,0.162,0.002,0.057,0.985,0.123,-0.002,-0.052,0.991,-0.128,-0.168,0.020,0.977,-0.112,0.165,-0.023,0.980,-0.187,0.001,-0.010,-0.982,0.000,0.000,0.000,1.000,0.142,-0.001,0.056,-0.988,0.121,0.022,0.103,0.987,0.000,0.000,0.000,1.000,0.000,0.000,0.000,1.000,-0.062,-0.141,0.589,0.793,-0.091,0.096,-0.636,0.760,-0.251,-0.098,-0.081,-0.960,0.156,-0.170,-0.102,0.968,0.394,-0.053,0.482,0.781,-0.757,-0.168,0.358,-0.520,0.000,0.000,0.000,1.000,0.000,0.000,0.000,1.000,0.000,0.000,0.000,1.000,0.000,0.000,0.000,1.000,0.000,0.000,0.000,0.000,0.000,0.000,0.087,0.996,0.000,0.000,0.174,0.985,0.000,-0.143,0.000,0.990,0.000,0.000,0.087,0.996,0.000,0.000,0.087,0.996,0.000,0.000,0.087,0.996,0.000,0.000,0.087,0.996,0.000,0.000,0.087,0.996,0.000,0.000,0.087,0.996,0.000,0.000,0.087,0.996,0.000,0.000,0.087,0.996,0.000,0.000,0.087,0.996,0.000,0.000,0.087,0.996,0.000,0.000,0.087,0.996,0.000,0.000,0.087,0.996,0.000,0.000,-0.087,0.996,0.000,0.000,0.000,1.000,0.000,0.000,0.000,1.000,0.000,0.000,-0.087,0.996,0.000,0.000,-0.087,0.996,0.000,0.000,-0.087,0.996,0.000,0.000,-0.087,0.996,0.000,0.000,-0.087,0.996,0.000,0.000,-0.087,0.996,0.000,0.000,-0.087,0.996,0.000,0.000,-0.087,0.996,0.000,0.000,-0.087,0.996,0.000,0.000,-0.087,0.996,0.000,0.000,-0.087,0.996,0.000,0.000,-0.087,0.996,0.000,0.000,0.000,1.000,
-0.127,-0.023,-0.003,0.992,0.048,0.021,-0.089,0.995,0.120,-0.011,0.027,0.992,0.178,0.004,0.027,0.984,0.099,-0.003,-0.044,0.994,-0.118,-0.144,0.026,0.982,-0.095,0.188,-0.022,0.977,-0.213,-0.001,0.021,-0.977,0.000,0.000,0.000,1.000,0.137,0.000,0.009,-0.991,0.127,0.056,0.057,0.989,0.000,0.000,0.000,1.000,0.000,0.000,0.000,1.000,-0.057,-0.182,0.541,0.819,-0.052,0.145,-0.627,0.764,-0.479,-0.234,-0.246,-0.809,0.250,-0.170,-0.121,0.946,-0.286,-0.055,-0.456,-0.841,-0.671,-0.033,0.507,-0.540,0.000,0.000,0.000,1.000,0.000,0.000,0.000,1.000,0.000,0.000,0.000,1.000,0.000,0.000,0.000,1.000,0.000,0.000,0.000,0.000,0.000,0.000,0.087,0.996,0.000,0.000,0.174,0.985,0.000,-0.143,0.000,0.990,0.000,0.000,0.087,0.996,0.000,0.000,0.087,0.996,0.000,0.000,0.087,0.996,0.000,0.000,0.087,0.996,0.000,0.000,0.087,0.996,0.000,0.000,0.087,0.996,0.000,0.000,0.087,0.996,0.000,0.000,0.087,0.996,0.000,0.000,0.087,0.996,0.000,0.000,0.087,0.996,0.000,0.000,0.087,0.996,0.000,0.000,0.087,0.996,0.000,0.000,-0.087,0.996,0.000,0.000,0.000,1.000,0.000,0.000,0.000,1.000,0.000,0.000,-0.087,0.996,0.000,0.000,-0.087,0.996,0.000,0.000,-0.087,0.996,0.000,0.000,-0.087,0.996,0.000,0.000,-0.087,0.996,0.000,0.000,-0.087,0.996,0.000,0.000,-0.087,0.996,0.000,0.000,-0.087,0.996,0.000,0.000,-0.087,0.996,0.000,0.000,-0.087,0.996,0.000,0.000,-0.087,0.996,0.000,0.000,-0.087,0.996,0.000,0.000,0.000,1.000,
-0.117,0.003,0.000,0.993,0.025,0.025,-0.104,0.994,0.106,-0.005,-0.009,0.994,0.191,0.004,0.003,0.982,0.116,-0.002,-0.026,0.993,-0.106,-0.137,0.029,0.984,-0.137,0.143,-0.023,0.980,-0.188,-0.001,0.022,-0.982,0.000,0.000,0.000,1.000,0.110,0.000,-0.005,-0.994,0.130,0.110,0.054,0.984,0.000,0.000,0.000,1.000,0.000,0.000,0.000,1.000,-0.030,-0.211,0.516,0.829,-0.041,0.141,-0.654,0.742,-0.403,-0.342,-0.315,-0.788,0.576,-0.020,-0.035,0.817,-0.561,0.307,-0.599,-0.482,0.125,-0.301,-0.432,0.841,0.000,0.000,0.000,1.000,0.000,0.000,0.000,1.000,0.000,0.000,0.000,1.000,0.000,0.000,0.000,1.000,0.000,0.000,0.000,0.000,0.000,0.000,0.087,0.996,0.000,0.000,0.174,0.985,0.000,-0.143,0.000,0.990,0.000,0.000,0.087,0.996,0.000,0.000,0.087,0.996,0.000,0.000,0.087,0.996,0.000,0.000,0.087,0.996,0.000,0.000,0.087,0.996,0.000,0.000,0.087,0.996,0.000,0.000,0.087,0.996,0.000,0.000,0.087,0.996,0.000,0.000,0.087,0.996,0.000,0.000,0.087,0.996,0.000,0.000,0.087,0.996,0.000,0.000,0.087,0.996,0.000,0.000,-0.087,0.996,0.000,0.000,0.000,1.000,0.000,0.000,0.000,1.000,0.000,0.000,-0.087,0.996,0.000,0.000,-0.087,0.996,0.000,0.000,-0.087,0.996,0.000,0.000,-0.087,0.996,0.000,0.000,-0.087,0.996,0.000,0.000,-0.087,0.996,0.000,0.000,-0.087,0.996,0.000,0.000,-0.087,0.996,0.000,0.000,-0.087,0.996,0.000,0.000,-0.087,0.996,0.000,0.000,-0.087,0.996,0.000,0.000,-0.087,0.996,0.000,0.000,0.000,1.000,
-0.125,0.081,0.010,0.989,0.032,0.017,-0.070,0.997,0.097,-0.004,-0.014,0.995,0.174,0.004,-0.063,0.983,0.103,-0.002,-0.062,0.993,-0.020,0.019,0.052,0.998,-0.063,0.107,-0.038,0.992,-0.176,-0.001,0.018,-0.984,0.000,0.000,0.000,1.000,0.037,0.002,0.039,-0.999,0.123,0.147,0.043,0.981,0.000,0.000,0.000,1.000,0.000,0.000,0.000,1.000,-0.060,-0.161,0.522,0.835,-0.059,0.122,-0.655,0.743,-0.525,-0.244,-0.287,-0.763,-0.976,0.024,-0.033,0.216,-0.532,0.179,-0.538,-0.629,0.692,0.497,-0.161,-0.499,0.000,0.000,0.000,1.000,0.000,0.000,0.000,1.000,0.000,0.000,0.000,1.000,0.000,0.000,0.000,1.000,0.000,0.000,0.000,0.000,0.000,0.000,0.087,0.996,0.000,0.000,0.174,0.985,0.000,-0.143,0.000,0.990,0.000,0.000,0.087,0.996,0.000,0.000,0.087,0.996,0.000,0.000,0.087,0.996,0.000,0.000,0.087,0.996,0.000,0.000,0.087,0.996,0.000,0.000,0.087,0.996,0.000,0.000,0.087,0.996,0.000,0.000,0.087,0.996,0.000,0.000,0.087,0.996,0.000,0.000,0.087,0.996,0.000,0.000,0.087,0.996,0.000,0.000,0.087,0.996,0.000,0.000,-0.087,0.996,0.000,0.000,0.000,1.000,0.000,0.000,0.000,1.000,0.000,0.000,-0.087,0.996,0.000,0.000,-0.087,0.996,0.000,0.000,-0.087,0.996,0.000,0.000,-0.087,0.996,0.000,0.000,-0.087,0.996,0.000,0.000,-0.087,0.996,0.000,0.000,-0.087,0.996,0.000,0.000,-0.087,0.996,0.000,0.000,-0.087,0.996,0.000,0.000,-0.087,0.996,0.000,0.000,-0.087,0.996,0.000,0.000,-0.087,0.996,0.000,0.000,0.000,1.000,
-0.121,0.255,0.032,0.959,0.017,0.005,-0.019,1.000,0.133,-0.006,-0.017,0.991,0.200,0.004,0.016,0.980,0.048,0.000,-0.048,0.998,-0.125,0.232,0.095,0.960,-0.189,0.297,0.026,0.935,-0.209,0.000,0.008,-0.978,0.000,0.000,0.000,1.000,-0.011,0.009,0.051,-0.999,0.122,0.169,0.031,0.977,0.000,0.000,0.000,1.000,0.000,0.000,0.000,1.000,-0.051,-0.186,0.531,0.825,-0.027,0.167,-0.625,0.762,-0.528,-0.217,-0.253,-0.781,0.124,-0.170,-0.097,0.973,-0.366,0.116,-0.422,-0.821,-0.701,-0.137,0.377,-0.590,0.000,0.000,0.000,1.000,0.000,0.000,0.000,1.000,0.000,0.000,0.000,1.000,0.000,0.000,0.000,1.000,0.000,0.000,0.000,0.000,0.000,0.000,0.087,0.996,0.000,0.000,0.174,0.985,0.000,-0.143,0.000,0.990,0.000,0.000,0.087,0.996,0.000,0.000,0.087,0.996,0.000,0.000,0.087,0.996,0.000,0.000,0.087,0.996,0.000,0.000,0.087,0.996,0.000,0.000,0.087,0.996,0.000,0.000,0.087,0.996,0.000,0.000,0.087,0.996,0.000,0.000,0.087,0.996,0.000,0.000,0.087,0.996,0.000,0.000,0.087,0.996,0.000,0.000,0.087,0.996,0.000,0.000,-0.087,0.996,0.000,0.000,0.000,1.000,0.000,0.000,0.000,1.000,0.000,0.000,-0.087,0.996,0.000,0.000,-0.087,0.996,0.000,0.000,-0.087,0.996,0.000,0.000,-0.087,0.996,0.000,0.000,-0.087,0.996,0.000,0.000,-0.087,0.996,0.000,0.000,-0.087,0.996,0.000,0.000,-0.087,0.996,0.000,0.000,-0.087,0.996,0.000,0.000,-0.087,0.996,0.000,0.000,-0.087,0.996,0.000,0.000,-0.087,0.996,0.000,0.000,0.000,1.000,
-0.075,0.496,0.043,0.864,-0.025,0.013,-0.051,0.998,0.061,0.004,-0.038,0.997,0.107,0.007,-0.019,0.994,0.147,-0.001,0.051,0.988,-0.063,0.212,0.077,0.972,-0.109,0.285,-0.002,0.952,-0.188,0.001,-0.012,-0.982,0.000,0.000,0.000,1.000,-0.078,0.016,0.069,-0.994,-0.139,-0.078,-0.066,-0.985,0.000,0.000,0.000,1.000,0.000,0.000,0.000,1.000,-0.051,-0.170,0.561,0.809,0.034,-0.168,0.609,-0.774,-0.454,-0.118,-0.123,-0.875,0.037,0.192,0.073,-0.978,-0.515,0.027,-0.500,-0.696,0.743,0.399,-0.511,0.165,0.000,0.000,0.000,1.000,0.000,0.000,0.000,1.000,0.000,0.000,0.000,1.000,0.000,0.000,0.000,1.000,0.000,0.000,0.000,0.000,0.000,0.000,0.087,0.996,0.000,0.000,0.174,0.985,0.000,-0.143,0.000,0.990,0.000,0.000,0.087,0.996,0.000,0.000,0.087,0.996,0.000,0.000,0.087,0.996,0.000,0.000,0.087,0.996,0.000,0.000,0.087,0.996,0.000,0.000,0.087,0.996,0.000,0.000,0.087,0.996,0.000,0.000,0.087,0.996,0.000,0.000,0.087,0.996,0.000,0.000,0.087,0.996,0.000,0.000,0.087,0.996,0.000,0.000,0.087,0.996,0.000,0.000,-0.087,0.996,0.000,0.000,0.000,1.000,0.000,0.000,0.000,1.000,0.000,0.000,-0.087,0.996,0.000,0.000,-0.087,0.996,0.000,0.000,-0.087,0.996,0.000,0.000,-0.087,0.996,0.000,0.000,-0.087,0.996,0.000,0.000,-0.087,0.996,0.000,0.000,-0.087,0.996,0.000,0.000,-0.087,0.996,0.000,0.000,-0.087,0.996,0.000,0.000,-0.087,0.996,0.000,0.000,-0.087,0.996,0.000,0.000,-0.087,0.996,0.000,0.000,0.000,1.000,
0.046,-0.747,-0.052,-0.661,-0.030,-0.019,0.079,-0.996,-0.073,0.002,0.015,-0.997,0.061,-0.006,0.052,0.997,0.125,0.001,0.095,0.988,-0.040,-0.100,0.041,0.993,-0.040,0.003,-0.050,0.998,0.194,-0.002,0.037,0.980,0.000,0.000,0.000,1.000,-0.068,0.002,0.011,-0.998,-0.094,0.091,-0.086,-0.988,0.000,0.000,0.000,1.000,0.000,0.000,0.000,1.000,-0.050,-0.162,0.560,0.811,0.064,-0.141,0.571,-0.806,-0.764,-0.055,-0.104,-0.635,0.032,0.162,0.068,-0.984,-0.116,-0.056,-0.466,-0.875,0.594,0.447,-0.462,0.484,0.000,0.000,0.000,1.000,0.000,0.000,0.000,1.000,0.000,0.000,0.000,1.000,0.000,0.000,0.000,1.000,0.000,0.000,0.000,0.000,0.000,0.000,0.087,0.996,0.000,0.000,0.174,0.985,0.000,-0.143,0.000,0.990,0.000,0.000,0.087,0.996,0.000,0.000,0.087,0.996,0.000,0.000,0.087,0.996,0.000,0.000,0.087,0.996,0.000,0.000,0.087,0.996,0.000,0.000,0.087,0.996,0.000,0.000,0.087,0.996,0.000,0.000,0.087,0.996,0.000,0.000,0.087,0.996,0.000,0.000,0.087,0.996,0.000,0.000,0.087,0.996,0.000,0.000,0.087,0.996,0.000,0.000,-0.087,0.996,0.000,0.000,0.000,1.000,0.000,0.000,0.000,1.000,0.000,0.000,-0.087,0.996,0.000,0.000,-0.087,0.996,0.000,0.000,-0.087,0.996,0.000,0.000,-0.087,0.996,0.000,0.000,-0.087,0.996,0.000,0.000,-0.087,0.996,0.000,0.000,-0.087,0.996,0.000,0.000,-0.087,0.996,0.000,0.000,-0.087,0.996,0.000,0.000,-0.087,0.996,0.000,0.000,-0.087,0.996,0.000,0.000,-0.087,0.996,0.000,0.000,0.000,1.000,
0.021,-0.966,-0.084,-0.243,-0.148,-0.014,0.055,-0.987,-0.068,0.010,-0.031,-0.997,-0.033,-0.004,0.104,0.994,0.098,0.000,0.007,0.995,-0.042,-0.394,0.010,0.918,0.143,0.045,-0.050,0.987,0.175,-0.004,0.061,0.983,0.000,0.000,0.000,1.000,0.024,-0.008,-0.085,-0.996,-0.097,0.204,-0.119,-0.967,0.000,0.000,0.000,1.000,0.000,0.000,0.000,1.000,0.019,-0.235,0.569,0.788,-0.091,0.105,-0.600,0.788,-0.541,-0.239,-0.292,-0.752,0.482,-0.227,-0.241,0.811,-0.198,0.048,-0.436,-0.877,-0.421,-0.406,0.666,-0.464,0.000,0.000,0.000,1.000,0.000,0.000,0.000,1.000,0.000,0.000,0.000,1.000,0.000,0.000,0.000,1.000,0.000,0.000,0.000,0.000,0.000,0.000,0.087,0.996,0.000,0.000,0.174,0.985,0.000,-0.143,0.000,0.990,0.000,0.000,0.087,0.996,0.000,0.000,0.087,0.996,0.000,0.000,0.087,0.996,0.000,0.000,0.087,0.996,0.000,0.000,0.087,0.996,0.000,0.000,0.087,0.996,0.000,0.000,0.087,0.996,0.000,0.000,0.087,0.996,0.000,0.000,0.087,0.996,0.000,0.000,0.087,0.996,0.000,0.000,0.087,0.996,0.000,0.000,0.087,0.996,0.000,0.000,-0.087,0.996,0.000,0.000,0.000,1.000,0.000,0.000,0.000,1.000,0.000,0.000,-0.087,0.996,0.000,0.000,-0.087,0.996,0.000,0.000,-0.087,0.996,0.000,0.000,-0.087,0.996,0.000,0.000,-0.087,0.996,0.000,0.000,-0.087,0.996,0.000,0.000,-0.087,0.996,0.000,0.000,-0.087,0.996,0.000,0.000,-0.087,0.996,0.000,0.000,-0.087,0.996,0.000,0.000,-0.087,0.996,0.000,0.000,-0.087,0.996,0.000,0.000,0.000,1.000,
0.008,-0.992,-0.088,-0.089,-0.139,-0.012,0.036,-0.990,-0.062,0.008,-0.022,-0.998,-0.032,-0.005,0.097,0.995,0.038,0.006,-0.053,0.998,0.097,-0.485,0.074,0.866,0.179,-0.411,0.014,0.894,0.139,-0.003,0.028,0.990,0.000,0.000,0.000,1.000,0.012,-0.001,-0.069,-0.998,-0.111,0.161,-0.091,-0.977,0.000,0.000,0.000,1.000,0.000,0.000,0.000,1.000,0.027,-0.221,0.591,0.776,-0.079,0.106,-0.586,0.800,0.550,0.239,0.299,0.742,0.660,-0.196,-0.331,0.645,0.241,-0.044,0.504,0.828,-0.200,-0.128,0.641,-0.730,0.000,0.000,0.000,1.000,0.000,0.000,0.000,1.000,0.000,0.000,0.000,1.000,0.000,0.000,0.000,1.000,0.000,0.000,0.000,0.000,0.000,0.000,0.087,0.996,0.000,0.000,0.174,0.985,0.000,-0.143,0.000,0.990,0.000,0.000,0.087,0.996,0.000,0.000,0.087,0.996,0.000,0.000,0.087,0.996,0.000,0.000,0.087,0.996,0.000,0.000,0.087,0.996,0.000,0.000,0.087,0.996,0.000,0.000,0.087,0.996,0.000,0.000,0.087,0.996,0.000,0.000,0.087,0.996,0.000,0.000,0.087,0.996,0.000,0.000,0.087,0.996,0.000,0.000,0.087,0.996,0.000,0.000,-0.087,0.996,0.000,0.000,0.000,1.000,0.000,0.000,0.000,1.000,0.000,0.000,-0.087,0.996,0.000,0.000,-0.087,0.996,0.000,0.000,-0.087,0.996,0.000,0.000,-0.087,0.996,0.000,0.000,-0.087,0.996,0.000,0.000,-0.087,0.996,0.000,0.000,-0.087,0.996,0.000,0.000,-0.087,0.996,0.000,0.000,-0.087,0.996,0.000,0.000,-0.087,0.996,0.000,0.000,-0.087,0.996,0.000,0.000,-0.087,0.996,0.000,0.000,0.000,1.000,
0.016,-0.984,-0.127,-0.122,-0.172,-0.014,0.059,-0.983,-0.127,0.010,-0.022,-0.992,0.026,0.006,0.088,0.996,-0.022,0.006,-0.102,0.995,0.051,-0.169,0.048,0.983,-0.015,-0.729,-0.112,0.675,0.186,0.001,-0.010,0.983,0.000,0.000,0.000,1.000,-0.035,-0.012,-0.082,-0.996,-0.114,0.086,-0.016,-0.990,0.000,0.000,0.000,1.000,0.000,0.000,0.000,1.000,0.035,-0.246,0.573,0.781,-0.072,0.132,-0.571,0.807,-0.598,-0.207,-0.288,-0.719,0.670,-0.201,-0.362,0.616,-0.173,0.034,-0.480,-0.859,-0.165,-0.094,0.517,-0.835,0.000,0.000,0.000,1.000,0.000,0.000,0.000,1.000,0.000,0.000,0.000,1.000,0.000,0.000,0.000,1.000,0.000,0.000,0.000,0.000,0.000,0.000,0.087,0.996,0.000,0.000,0.174,0.985,0.000,-0.143,0.000,0.990,0.000,0.000,0.087,0.996,0.000,0.000,0.087,0.996,0.000,0.000,0.087,0.996,0.000,0.000,0.087,0.996,0.000,0.000,0.087,0.996,0.000,0.000,0.087,0.996,0.000,0.000,0.087,0.996,0.000,0.000,0.087,0.996,0.000,0.000,0.087,0.996,0.000,0.000,0.087,0.996,0.000,0.000,0.087,0.996,0.000,0.000,0.087,0.996,0.000,0.000,-0.087,0.996,0.000,0.000,0.000,1.000,0.000,0.000,0.000,1.000,0.000,0.000,-0.087,0.996,0.000,0.000,-0.087,0.996,0.000,0.000,-0.087,0.996,0.000,0.000,-0.087,0.996,0.000,0.000,-0.087,0.996,0.000,0.000,-0.087,0.996,0.000,0.000,-0.087,0.996,0.000,0.000,-0.087,0.996,0.000,0.000,-0.087,0.996,0.000,0.000,-0.087,0.996,0.000,0.000,-0.087,0.996,0.000,0.000,-0.087,0.996,0.000,0.000,0.000,1.000,
0.014,-0.985,-0.141,-0.099,-0.088,-0.019,0.084,-0.992,-0.162,0.010,-0.006,-0.987,0.372,0.078,0.216,0.899,0.052,-0.005,-0.071,0.996,0.207,-0.208,0.077,0.953,0.190,-0.219,-0.014,0.957,0.179,0.004,-0.056,0.982,0.000,0.000,0.000,1.000,-0.042,-0.014,-0.095,-0.994,-0.122,0.034,0.017,-0.992,0.000,0.000,0.000,1.000,0.000,0.000,0.000,1.000,0.013,-0.226,0.570,0.790,-0.066,0.136,-0.580,0.800,0.626,0.204,0.308,0.687,0.544,-0.250,-0.312,0.737,0.227,-0.096,0.491,0.836,-0.419,-0.209,0.673,-0.573,0.000,0.000,0.000,1.000,0.000,0.000,0.000,1.000,0.000,0.000,0.000,1.000,0.000,0.000,0.000,1.000,0.000,0.000,0.000,0.000,0.000,0.000,0.087,0.996,0.000,0.000,0.174,0.985,0.000,-0.143,0.000,0.990,0.000,0.000,0.087,0.996,0.000,0.000,0.087,0.996,0.000,0.000,0.087,0.996,0.000,0.000,0.087,0.996,0.000,0.000,0.087,0.996,0.000,0.000,0.087,0.996,0.000,0.000,0.087,0.996,0.000,0.000,0.087,0.996,0.000,0.000,0.087,0.996,0.000,0.000,0.087,0.996,0.000,0.000,0.087,0.996,0.000,0.000,0.087,0.996,0.000,0.000,-0.087,0.996,0.000,0.000,0.000,1.000,0.000,0.000,0.000,1.000,0.000,0.000,-0.087,0.996,0.000,0.000,-0.087,0.996,0.000,0.000,-0.087,0.996,0.000,0.000,-0.087,0.996,0.000,0.000,-0.087,0.996,0.000,0.000,-0.087,0.996,0.000,0.000,-0.087,0.996,0.000,0.000,-0.087,0.996,0.000,0.000,-0.087,0.996,0.000,0.000,-0.087,0.996,0.000,0.000,-0.087,0.996,0.000,0.000,-0.087,0.996,0.000,0.000,0.000,1.000,
0.007,-0.988,-0.146,-0.048,-0.280,-0.011,0.125,-0.952,-0.155,0.007,0.018,-0.988,-0.035,-0.515,-0.819,-0.248,0.088,-0.010,-0.087,0.992,0.260,0.732,0.466,-0.423,0.112,0.003,-0.048,0.993,0.205,0.003,-0.077,0.976,0.000,0.000,0.000,1.000,-0.021,-0.020,-0.105,-0.994,-0.122,0.067,-0.008,-0.990,0.000,0.000,0.000,1.000,0.000,0.000,0.000,1.000,-0.021,-0.181,0.611,0.771,-0.074,0.140,-0.578,0.800,0.645,0.183,0.285,0.685,0.488,-0.279,-0.307,0.768,0.118,-0.046,0.525,0.842,-0.409,-0.096,0.665,-0.618,0.000,0.000,0.000,1.000,0.000,0.000,0.000,1.000,0.000,0.000,0.000,1.000,0.000,0.000,0.000,1.000,0.000,0.000,0.000,0.000,0.000,0.000,0.087,0.996,0.000,0.000,0.174,0.985,0.000,-0.143,0.000,0.990,0.000,0.000,0.087,0.996,0.000,0.000,0.087,0.996,0.000,0.000,0.087,0.996,0.000,0.000,0.087,0.996,0.000,0.000,0.087,0.996,0.000,0.000,0.087,0.996,0.000,0.000,0.087,0.996,0.000,0.000,0.087,0.996,0.000,0.000,0.087,0.996,0.000,0.000,0.087,0.996,0.000,0.000,0.087,0.996,0.000,0.000,0.087,0.996,0.000,0.000,-0.087,0.996,0.000,0.000,0.000,1.000,0.000,0.000,0.000,1.000,0.000,0.000,-0.087,0.996,0.000,0.000,-0.087,0.996,0.000,0.000,-0.087,0.996,0.000,0.000,-0.087,0.996,0.000,0.000,-0.087,0.996,0.000,0.000,-0.087,0.996,0.000,0.000,-0.087,0.996,0.000,0.000,-0.087,0.996,0.000,0.000,-0.087,0.996,0.000,0.000,-0.087,0.996,0.000,0.000,-0.087,0.996,0.000,0.000,-0.087,0.996,0.000,0.000,0.000,1.000,
0.011,-0.988,-0.131,-0.082,0.003,-0.050,0.195,-0.979,-0.153,0.005,0.037,-0.987,0.274,0.017,0.276,0.921,-0.036,0.001,-0.168,0.985,-0.298,-0.464,-0.149,0.821,-0.026,0.048,-0.046,0.997,0.184,0.003,-0.053,0.981,0.000,0.000,0.000,1.000,-0.045,-0.021,-0.125,-0.991,-0.123,0.067,0.016,-0.990,0.000,0.000,0.000,1.000,0.000,0.000,0.000,1.000,0.005,-0.211,0.591,0.779,-0.072,0.133,-0.578,0.802,0.607,0.198,0.280,0.717,0.499,-0.267,-0.300,0.768,0.295,0.000,0.455,0.840,-0.615,-0.498,0.386,-0.474,0.000,0.000,0.000,1.000,0.000,0.000,0.000,1.000,0.000,0.000,0.000,1.000,0.000,0.000,0.000,1.000,0.000,0.000,0.000,0.000,0.000,0.000,0.087,0.996,0.000,0.000,0.174,0.985,0.000,-0.143,0.000,0.990,0.000,0.000,0.087,0.996,0.000,0.000,0.087,0.996,0.000,0.000,0.087,0.996,0.000,0.000,0.087,0.996,0.000,0.000,0.087,0.996,0.000,0.000,0.087,0.996,0.000,0.000,0.087,0.996,0.000,0.000,0.087,0.996,0.000,0.000,0.087,0.996,0.000,0.000,0.087,0.996,0.000,0.000,0.087,0.996,0.000,0.000,0.087,0.996,0.000,0.000,-0.087,0.996,0.000,0.000,0.000,1.000,0.000,0.000,0.000,1.000,0.000,0.000,-0.087,0.996,0.000,0.000,-0.087,0.996,0.000,0.000,-0.087,0.996,0.000,0.000,-0.087,0.996,0.000,0.000,-0.087,0.996,0.000,0.000,-0.087,0.996,0.000,0.000,-0.087,0.996,0.000,0.000,-0.087,0.996,0.000,0.000,-0.087,0.996,0.000,0.000,-0.087,0.996,0.000,0.000,-0.087,0.996,0.000,0.000,-0.087,0.996,0.000,0.000,0.000,1.000,
0.013,-0.984,-0.162,-0.076,0.097,-0.100,0.291,-0.947,-0.192,0.009,0.038,-0.981,0.300,-0.015,0.187,0.935,-0.012,-0.010,-0.127,0.992,-0.309,-0.384,-0.112,0.863,-0.259,-0.288,-0.151,0.909,0.231,0.000,-0.020,0.973,0.000,0.000,0.000,1.000,-0.059,-0.026,-0.099,-0.993,-0.115,0.079,0.027,-0.990,0.000,0.000,0.000,1.000,0.000,0.000,0.000,1.000,-0.005,-0.213,0.588,0.780,-0.086,0.132,-0.579,0.800,0.614,0.194,0.279,0.712,0.533,-0.256,-0.311,0.744,0.216,-0.004,0.432,0.876,-0.618,-0.446,0.437,-0.478,0.000,0.000,0.000,1.000,0.000,0.000,0.000,1.000,0.000,0.000,0.000,1.000,0.000,0.000,0.000,1.000,0.000,0.000,0.000,0.000,0.000,0.000,0.087,0.996,0.000,0.000,0.174,0.985,0.000,-0.143,0.000,0.990,0.000,0.000,0.087,0.996,0.000,0.000,0.087,0.996,0.000,0.000,0.087,0.996,0.000,0.000,0.087,0.996,0.000,0.000,0.087,0.996,0.000,0.000,0.087,0.996,0.000,0.000,0.087,0.996,0.000,0.000,0.087,0.996,0.000,0.000,0.087,0.996,0.000,0.000,0.087,0.996,0.000,0.000,0.087,0.996,0.000,0.000,0.087,0.996,0.000,0.000,-0.087,0.996,0.000,0.000,0.000,1.000,0.000,0.000,0.000,1.000,0.000,0.000,-0.087,0.996,0.000,0.000,-0.087,0.996,0.000,0.000,-0.087,0.996,0.000,0.000,-0.087,0.996,0.000,0.000,-0.087,0.996,0.000,0.000,-0.087,0.996,0.000,0.000,-0.087,0.996,0.000,0.000,-0.087,0.996,0.000,0.000,-0.087,0.996,0.000,0.000,-0.087,0.996,0.000,0.000,-0.087,0.996,0.000,0.000,-0.087,0.996,0.000,0.000,0.000,1.000,
0.017,-0.981,-0.167,-0.098,0.031,-0.066,0.236,-0.969,-0.190,0.010,0.018,-0.982,0.316,0.010,0.094,0.944,0.005,-0.005,-0.077,0.997,0.141,-0.077,0.053,0.986,0.051,0.052,-0.049,0.996,0.229,0.001,-0.034,0.973,0.000,0.000,0.000,1.000,-0.039,-0.025,-0.088,-0.995,-0.137,0.106,0.016,-0.985,0.000,0.000,0.000,1.000,0.000,0.000,0.000,1.000,-0.012,-0.219,0.578,0.786,-0.098,0.121,-0.589,0.793,-0.605,-0.198,-0.278,-0.720,0.503,-0.268,-0.303,0.764,-0.310,0.078,-0.474,-0.820,-0.628,-0.510,0.406,-0.424,0.000,0.000,0.000,1.000,0.000,0.000,0.000,1.000,0.000,0.000,0.000,1.000,0.000,0.000,0.000,1.000,0.000,0.000,0.000,0.000,0.000,0.000,0.087,0.996,0.000,0.000,0.174,0.985,0.000,-0.143,0.000,0.990,0.000,0.000,0.087,0.996,0.000,0.000,0.087,0.996,0.000,0.000,0.087,0.996,0.000,0.000,0.087,0.996,0.000,0.000,0.087,0.996,0.000,0.000,0.087,0.996,0.000,0.000,0.087,0.996,0.000,0.000,0.087,0.996,0.000,0.000,0.087,0.996,0.000,0.000,0.087,0.996,0.000,0.000,0.087,0.996,0.000,0.000,0.087,0.996,0.000,0.000,-0.087,0.996,0.000,0.000,0.000,1.000,0.000,0.000,0.000,1.000,0.000,0.000,-0.087,0.996,0.000,0.000,-0.087,0.996,0.000,0.000,-0.087,0.996,0.000,0.000,-0.087,0.996,0.000,0.000,-0.087,0.996,0.000,0.000,-0.087,0.996,0.000,0.000,-0.087,0.996,0.000,0.000,-0.087,0.996,0.000,0.000,-0.087,0.996,0.000,0.000,-0.087,0.996,0.000,0.000,-0.087,0.996,0.000,0.000,-0.087,0.996,0.000,0.000,0.000,1.000,
0.017,-0.982,-0.148,-0.113,-0.116,-0.022,0.114,-0.986,-0.168,0.011,-0.018,-0.986,0.231,0.030,0.126,0.964,0.031,-0.022,-0.211,0.977,0.232,-0.094,0.060,0.966,0.238,-0.591,0.109,0.763,0.200,0.002,-0.033,0.979,0.000,0.000,0.000,1.000,-0.048,-0.017,-0.075,-0.996,-0.132,0.045,0.007,-0.990,0.000,0.000,0.000,1.000,0.000,0.000,0.000,1.000,-0.012,-0.214,0.567,0.795,-0.055,0.165,-0.572,0.802,0.634,0.208,0.324,0.671,0.496,-0.282,-0.317,0.758,0.246,-0.076,0.443,0.859,-0.592,-0.345,0.355,-0.636,0.000,0.000,0.000,1.000,0.000,0.000,0.000,1.000,0.000,0.000,0.000,1.000,0.000,0.000,0.000,1.000,0.000,0.000,0.000,0.000,0.000,0.000,0.087,0.996,0.000,0.000,0.174,0.985,0.000,-0.143,0.000,0.990,0.000,0.000,0.087,0.996,0.000,0.000,0.087,0.996,0.000,0.000,0.087,0.996,0.000,0.000,0.087,0.996,0.000,0.000,0.087,0.996,0.000,0.000,0.087,0.996,0.000,0.000,0.087,0.996,0.000,0.000,0.087,0.996,0.000,0.000,0.087,0.996,0.000,0.000,0.087,0.996,0.000,0.000,0.087,0.996,0.000,0.000,0.087,0.996,0.000,0.000,-0.087,0.996,0.000,0.000,0.000,1.000,0.000,0.000,0.000,1.000,0.000,0.000,-0.087,0.996,0.000,0.000,-0.087,0.996,0.000,0.000,-0.087,0.996,0.000,0.000,-0.087,0.996,0.000,0.000,-0.087,0.996,0.000,0.000,-0.087,0.996,0.000,0.000,-0.087,0.996,0.000,0.000,-0.087,0.996,0.000,0.000,-0.087,0.996,0.000,0.000,-0.087,0.996,0.000,0.000,-0.087,0.996,0.000,0.000,-0.087,0.996,0.000,0.000,0.000,1.000,
0.013,-0.986,-0.137,-0.093,-0.126,-0.015,0.064,-0.990,-0.166,0.013,-0.035,-0.985,0.123,0.023,0.184,0.975,-0.055,-0.001,-0.240,0.969,0.439,0.320,-0.117,0.832,0.146,-0.863,0.187,0.445,0.194,0.001,-0.027,0.981,0.000,0.000,0.000,1.000,-0.048,-0.014,-0.075,-0.996,-0.121,0.047,0.003,-0.992,0.000,0.000,0.000,1.000,0.000,0.000,0.000,1.000,0.018,-0.225,0.592,0.774,-0.058,0.155,-0.573,0.803,-0.590,-0.212,-0.289,-0.723,0.534,-0.261,-0.319,0.738,-0.243,0.086,-0.497,-0.829,-0.640,-0.479,0.319,-0.509,0.000,0.000,0.000,1.000,0.000,0.000,0.000,1.000,0.000,0.000,0.000,1.000,0.000,0.000,0.000,1.000,0.000,0.000,0.000,0.000,0.000,0.000,0.087,0.996,0.000,0.000,0.174,0.985,0.000,-0.143,0.000,0.990,0.000,0.000,0.087,0.996,0.000,0.000,0.087,0.996,0.000,0.000,0.087,0.996,0.000,0.000,0.087,0.996,0.000,0.000,0.087,0.996,0.000,0.000,0.087,0.996,0.000,0.000,0.087,0.996,0.000,0.000,0.087,0.996,0.000,0.000,0.087,0.996,0.000,0.000,0.087,0.996,0.000,0.000,0.087,0.996,0.000,0.000,0.087,0.996,0.000,0.000,-0.087,0.996,0.000,0.000,0.000,1.000,0.000,0.000,0.000,1.000,0.000,0.000,-0.087,0.996,0.000,0.000,-0.087,0.996,0.000,0.000,-0.087,0.996,0.000,0.000,-0.087,0.996,0.000,0.000,-0.087,0.996,0.000,0.000,-0.087,0.996,0.000,0.000,-0.087,0.996,0.000,0.000,-0.087,0.996,0.000,0.000,-0.087,0.996,0.000,0.000,-0.087,0.996,0.000,0.000,-0.087,0.996,0.000,0.000,-0.087,0.996,0.000,0.000,0.000,1.000,
0.011,-0.988,-0.130,-0.082,-0.121,-0.011,0.031,-0.992,-0.174,0.014,-0.051,-0.983,0.105,0.023,0.230,0.967,-0.088,0.005,-0.243,0.966,0.234,-0.552,0.170,0.782,0.120,-0.893,0.160,0.404,0.185,0.002,-0.028,0.982,0.000,0.000,0.000,1.000,-0.046,-0.012,-0.071,-0.996,-0.121,-0.045,0.038,-0.991,0.000,0.000,0.000,1.000,0.000,0.000,0.000,1.000,0.014,-0.219,0.593,0.775,-0.068,0.139,-0.576,0.803,-0.577,-0.210,-0.276,-0.739,0.487,-0.286,-0.315,0.763,-0.213,0.049,-0.524,-0.823,-0.380,-0.144,0.683,-0.607,0.000,0.000,0.000,1.000,0.000,0.000,0.000,1.000,0.000,0.000,0.000,1.000,0.000,0.000,0.000,1.000,0.000,0.000,0.000,0.000,0.000,0.000,0.087,0.996,0.000,0.000,0.174,0.985,0.000,-0.143,0.000,0.990,0.000,0.000,0.087,0.996,0.000,0.000,0.087,0.996,0.000,0.000,0.087,0.996,0.000,0.000,0.087,0.996,0.000,0.000,0.087,0.996,0.000,0.000,0.087,0.996,0.000,0.000,0.087,0.996,0.000,0.000,0.087,0.996,0.000,0.000,0.087,0.996,0.000,0.000,0.087,0.996,0.000,0.000,0.087,0.996,0.000,0.000,0.087,0.996,0.000,0.000,-0.087,0.996,0.000,0.000,0.000,1.000,0.000,0.000,0.000,1.000,0.000,0.000,-0.087,0.996,0.000,0.000,-0.087,0.996,0.000,0.000,-0.087,0.996,0.000,0.000,-0.087,0.996,0.000,0.000,-0.087,0.996,0.000,0.000,-0.087,0.996,0.000,0.000,-0.087,0.996,0.000,0.000,-0.087,0.996,0.000,0.000,-0.087,0.996,0.000,0.000,-0.087,0.996,0.000,0.000,-0.087,0.996,0.000,0.000,-0.087,0.996,0.000,0.000,0.000,1.000,
0.012,-0.986,-0.145,-0.082,-0.124,-0.010,0.023,-0.992,-0.187,0.015,-0.071,-0.980,0.135,0.035,0.246,0.959,-0.077,-0.006,-0.263,0.962,0.294,-0.486,0.183,0.802,0.183,-0.823,0.217,0.492,0.199,0.001,-0.023,0.980,0.000,0.000,0.000,1.000,-0.041,-0.008,-0.042,-0.998,-0.126,0.021,0.030,-0.991,0.000,0.000,0.000,1.000,0.000,0.000,0.000,1.000,-0.019,-0.181,0.612,0.770,-0.068,0.140,-0.592,0.791,0.693,0.150,0.263,0.654,0.534,-0.236,-0.284,0.760,0.161,-0.008,0.498,0.852,-0.608,-0.212,0.525,-0.557,0.000,0.000,0.000,1.000,0.000,0.000,0.000,1.000,0.000,0.000,0.000,1.000,0.000,0.000,0.000,1.000,0.000,0.000,0.000,0.000,0.000,0.000,0.087,0.996,0.000,0.000,0.174,0.985,0.000,-0.143,0.000,0.990,0.000,0.000,0.087,0.996,0.000,0.000,0.087,0.996,0.000,0.000,0.087,0.996,0.000,0.000,0.087,0.996,0.000,0.000,0.087,0.996,0.000,0.000,0.087,0.996,0.000,0.000,0.087,0.996,0.000,0.000,0.087,0.996,0.000,0.000,0.087,0.996,0.000,0.000,0.087,0.996,0.000,0.000,0.087,0.996,0.000,0.000,0.087,0.996,0.000,0.000,-0.087,0.996,0.000,0.000,0.000,1.000,0.000,0.000,0.000,1.000,0.000,0.000,-0.087,0.996,0.000,0.000,-0.087,0.996,0.000,0.000,-0.087,0.996,0.000,0.000,-0.087,0.996,0.000,0.000,-0.087,0.996,0.000,0.000,-0.087,0.996,0.000,0.000,-0.087,0.996,0.000,0.000,-0.087,0.996,0.000,0.000,-0.087,0.996,0.000,0.000,-0.087,0.996,0.000,0.000,-0.087,0.996,0.000,0.000,-0.087,0.996,0.000,0.000,0.000,1.000,
0.012,-0.987,-0.129,-0.095,-0.105,-0.009,0.020,-0.994,-0.177,0.016,-0.076,-0.981,0.173,0.025,0.168,0.970,-0.018,-0.012,-0.201,0.979,0.174,-0.316,0.086,0.929,0.135,-0.744,0.064,0.651,0.179,0.002,-0.026,0.983,0.000,0.000,0.000,1.000,-0.057,-0.011,-0.066,-0.996,-0.125,0.011,0.006,-0.992,0.000,0.000,0.000,1.000,0.000,0.000,0.000,1.000,-0.018,-0.187,0.589,0.786,-0.044,0.159,-0.591,0.789,0.680,0.178,0.312,0.640,0.579,-0.224,-0.300,0.724,0.129,-0.004,0.477,0.870,-0.413,-0.108,0.442,-0.789,0.000,0.000,0.000,1.000,0.000,0.000,0.000,1.000,0.000,0.000,0.000,1.000,0.000,0.000,0.000,1.000,0.000,0.000,0.000,0.000,0.000,0.000,0.087,0.996,0.000,0.000,0.174,0.985,0.000,-0.143,0.000,0.990,0.000,0.000,0.087,0.996,0.000,0.000,0.087,0.996,0.000,0.000,0.087,0.996,0.000,0.000,0.087,0.996,0.000,0.000,0.087,0.996,0.000,0.000,0.087,0.996,0.000,0.000,0.087,0.996,0.000,0.000,0.087,0.996,0.000,0.000,0.087,0.996,0.000,0.000,0.087,0.996,0.000,0.000,0.087,0.996,0.000,0.000,0.087,0.996,0.000,0.000,-0.087,0.996,0.000,0.000,0.000,1.000,0.000,0.000,0.000,1.000,0.000,0.000,-0.087,0.996,0.000,0.000,-0.087,0.996,0.000,0.000,-0.087,0.996,0.000,0.000,-0.087,0.996,0.000,0.000,-0.087,0.996,0.000,0.000,-0.087,0.996,0.000,0.000,-0.087,0.996,0.000,0.000,-0.087,0.996,0.000,0.000,-0.087,0.996,0.000,0.000,-0.087,0.996,0.000,0.000,-0.087,0.996,0.000,0.000,-0.087,0.996,0.000,0.000,0.000,1.000,
0.011,-0.989,-0.116,-0.095,-0.092,-0.008,0.019,-0.996,-0.164,0.016,-0.076,-0.983,0.149,0.018,0.187,0.971,-0.036,-0.004,-0.212,0.977,0.344,0.352,-0.081,0.867,0.119,-0.834,0.088,0.532,0.166,0.002,-0.027,0.986,0.000,0.000,0.000,1.000,-0.049,-0.010,-0.067,-0.997,-0.127,0.000,-0.011,-0.992,0.000,0.000,0.000,1.000,0.000,0.000,0.000,1.000,-0.023,-0.178,0.590,0.787,-0.053,0.146,-0.590,0.792,0.688,0.177,0.320,0.627,0.605,-0.219,-0.316,0.697,0.092,0.014,0.475,0.875,-0.312,-0.080,0.429,-0.844,0.000,0.000,0.000,1.000,0.000,0.000,0.000,1.000,0.000,0.000,0.000,1.000,0.000,0.000,0.000,1.000,0.000,0.000,0.000,0.000,0.000,0.000,0.087,0.996,0.000,0.000,0.174,0.985,0.000,-0.143,0.000,0.990,0.000,0.000,0.087,0.996,0.000,0.000,0.087,0.996,0.000,0.000,0.087,0.996,0.000,0.000,0.087,0.996,0.000,0.000,0.087,0.996,0.000,0.000,0.087,0.996,0.000,0.000,0.087,0.996,0.000,0.000,0.087,0.996,0.000,0.000,0.087,0.996,0.000,0.000,0.087,0.996,0.000,0.000,0.087,0.996,0.000,0.000,0.087,0.996,0.000,0.000,-0.087,0.996,0.000,0.000,0.000,1.000,0.000,0.000,0.000,1.000,0.000,0.000,-0.087,0.996,0.000,0.000,-0.087,0.996,0.000,0.000,-0.087,0.996,0.000,0.000,-0.087,0.996,0.000,0.000,-0.087,0.996,0.000,0.000,-0.087,0.996,0.000,0.000,-0.087,0.996,0.000,0.000,-0.087,0.996,0.000,0.000,-0.087,0.996,0.000,0.000,-0.087,0.996,0.000,0.000,-0.087,0.996,0.000,0.000,-0.087,0.996,0.000,0.000,0.000,1.000,
0.011,-0.988,-0.136,-0.079,-0.119,-0.010,0.020,-0.993,-0.181,0.015,-0.062,-0.981,0.159,0.026,0.167,0.973,-0.030,-0.011,-0.206,0.978,0.287,-0.209,0.092,0.930,0.107,-0.856,0.083,0.498,0.181,0.002,-0.023,0.983,0.000,0.000,0.000,1.000,-0.041,-0.010,-0.065,-0.997,-0.122,0.051,0.004,-0.991,0.000,0.000,0.000,1.000,0.000,0.000,0.000,1.000,-0.014,-0.181,0.614,0.768,-0.065,0.134,-0.600,0.786,0.691,0.155,0.270,0.653,0.598,-0.206,-0.286,0.720,0.094,-0.010,0.489,0.867,-0.399,-0.117,0.505,-0.756,0.000,0.000,0.000,1.000,0.000,0.000,0.000,1.000,0.000,0.000,0.000,1.000,0.000,0.000,0.000,1.000,0.000,0.000,0.000,0.000,0.000,0.000,0.087,0.996,0.000,0.000,0.174,0.985,0.000,-0.143,0.000,0.990,0.000,0.000,0.087,0.996,0.000,0.000,0.087,0.996,0.000,0.000,0.087,0.996,0.000,0.000,0.087,0.996,0.000,0.000,0.087,0.996,0.000,0.000,0.087,0.996,0.000,0.000,0.087,0.996,0.000,0.000,0.087,0.996,0.000,0.000,0.087,0.996,0.000,0.000,0.087,0.996,0.000,0.000,0.087,0.996,0.000,0.000,0.087,0.996,0.000,0.000,-0.087,0.996,0.000,0.000,0.000,1.000,0.000,0.000,0.000,1.000,0.000,0.000,-0.087,0.996,0.000,0.000,-0.087,0.996,0.000,0.000,-0.087,0.996,0.000,0.000,-0.087,0.996,0.000,0.000,-0.087,0.996,0.000,0.000,-0.087,0.996,0.000,0.000,-0.087,0.996,0.000,0.000,-0.087,0.996,0.000,0.000,-0.087,0.996,0.000,0.000,-0.087,0.996,0.000,0.000,-0.087,0.996,0.000,0.000,-0.087,0.996,0.000,0.000,0.000,1.000,
0.012,-0.988,-0.128,-0.089,-0.117,-0.014,0.057,-0.991,-0.165,0.013,-0.036,-0.986,0.117,0.014,0.145,0.982,-0.034,0.000,-0.126,0.991,0.092,-0.576,0.080,0.808,0.061,-0.686,-0.032,0.724,0.186,0.001,-0.016,0.982,0.000,0.000,0.000,1.000,-0.067,-0.015,-0.083,-0.994,-0.113,0.011,0.020,-0.993,0.000,0.000,0.000,1.000,0.000,0.000,0.000,1.000,0.018,-0.216,0.602,0.769,-0.042,0.161,-0.585,0.794,0.604,0.207,0.293,0.711,0.598,-0.224,-0.318,0.701,0.141,-0.057,0.493,0.856,-0.228,-0.092,0.569,-0.785,0.000,0.000,0.000,1.000,0.000,0.000,0.000,1.000,0.000,0.000,0.000,1.000,0.000,0.000,0.000,1.000,0.000,0.000,0.000,0.000,0.000,0.000,0.087,0.996,0.000,0.000,0.174,0.985,0.000,-0.143,0.000,0.990,0.000,0.000,0.087,0.996,0.000,0.000,0.087,0.996,0.000,0.000,0.087,0.996,0.000,0.000,0.087,0.996,0.000,0.000,0.087,0.996,0.000,0.000,0.087,0.996,0.000,0.000,0.087,0.996,0.000,0.000,0.087,0.996,0.000,0.000,0.087,0.996,0.000,0.000,0.087,0.996,0.000,0.000,0.087,0.996,0.000,0.000,0.087,0.996,0.000,0.000,-0.087,0.996,0.000,0.000,0.000,1.000,0.000,0.000,0.000,1.000,0.000,0.000,-0.087,0.996,0.000,0.000,-0.087,0.996,0.000,0.000,-0.087,0.996,0.000,0.000,-0.087,0.996,0.000,0.000,-0.087,0.996,0.000,0.000,-0.087,0.996,0.000,0.000,-0.087,0.996,0.000,0.000,-0.087,0.996,0.000,0.000,-0.087,0.996,0.000,0.000,-0.087,0.996,0.000,0.000,-0.087,0.996,0.000,0.000,-0.087,0.996,0.000,0.000,0.000,1.000,
0.011,-0.987,-0.142,-0.076,-0.198,-0.017,0.106,-0.974,-0.164,0.010,-0.004,-0.986,0.456,0.296,0.349,0.763,0.096,-0.013,-0.090,0.991,-0.116,-0.432,-0.029,0.894,-0.053,-0.161,-0.069,0.983,0.208,0.001,-0.023,0.978,0.000,0.000,0.000,1.000,-0.066,-0.019,-0.084,-0.994,-0.114,0.046,0.000,-0.992,0.000,0.000,0.000,1.000,0.000,0.000,0.000,1.000,-0.007,-0.203,0.590,0.781,-0.062,0.154,-0.572,0.803,0.663,0.186,0.311,0.655,0.588,-0.225,-0.310,0.713,0.117,-0.052,0.447,0.886,-0.448,-0.223,0.509,-0.700,0.000,0.000,0.000,1.000,0.000,0.000,0.000,1.000,0.000,0.000,0.000,1.000,0.000,0.000,0.000,1.000,0.000,0.000,0.000,0.000,0.000,0.000,0.087,0.996,0.000,0.000,0.174,0.985,0.000,-0.143,0.000,0.990,0.000,0.000,0.087,0.996,0.000,0.000,0.087,0.996,0.000,0.000,0.087,0.996,0.000,0.000,0.087,0.996,0.000,0.000,0.087,0.996,0.000,0.000,0.087,0.996,0.000,0.000,0.087,0.996,0.000,0.000,0.087,0.996,0.000,0.000,0.087,0.996,0.000,0.000,0.087,0.996,0.000,0.000,0.087,0.996,0.000,0.000,0.087,0.996,0.000,0.000,-0.087,0.996,0.000,0.000,0.000,1.000,0.000,0.000,0.000,1.000,0.000,0.000,-0.087,0.996,0.000,0.000,-0.087,0.996,0.000,0.000,-0.087,0.996,0.000,0.000,-0.087,0.996,0.000,0.000,-0.087,0.996,0.000,0.000,-0.087,0.996,0.000,0.000,-0.087,0.996,0.000,0.000,-0.087,0.996,0.000,0.000,-0.087,0.996,0.000,0.000,-0.087,0.996,0.000,0.000,-0.087,0.996,0.000,0.000,-0.087,0.996,0.000,0.000,0.000,1.000,
0.007,-0.987,-0.151,-0.049,-0.292,-0.010,0.141,-0.946,-0.166,0.008,0.024,-0.986,0.057,0.216,0.490,0.843,0.041,-0.006,-0.083,0.996,0.041,-0.588,0.045,0.807,-0.269,0.078,-0.024,0.960,0.220,0.001,-0.028,0.975,0.000,0.000,0.000,1.000,-0.052,-0.024,-0.098,-0.994,-0.118,0.079,0.008,-0.990,0.000,0.000,0.000,1.000,0.000,0.000,0.000,1.000,-0.041,-0.158,0.622,0.766,-0.100,0.110,-0.588,0.795,0.717,0.149,0.287,0.618,0.516,-0.240,-0.276,0.775,0.118,-0.041,0.441,0.889,-0.535,-0.243,0.460,-0.666,0.000,0.000,0.000,1.000,0.000,0.000,0.000,1.000,0.000,0.000,0.000,1.000,0.000,0.000,0.000,1.000,0.000,0.000,0.000,0.000,0.000,0.000,0.087,0.996,0.000,0.000,0.174,0.985,0.000,-0.143,0.000,0.990,0.000,0.000,0.087,0.996,0.000,0.000,0.087,0.996,0.000,0.000,0.087,0.996,0.000,0.000,0.087,0.996,0.000,0.000,0.087,0.996,0.000,0.000,0.087,0.996,0.000,0.000,0.087,0.996,0.000,0.000,0.087,0.996,0.000,0.000,0.087,0.996,0.000,0.000,0.087,0.996,0.000,0.000,0.087,0.996,0.000,0.000,0.087,0.996,0.000,0.000,-0.087,0.996,0.000,0.000,0.000,1.000,0.000,0.000,0.000,1.000,0.000,0.000,-0.087,0.996,0.000,0.000,-0.087,0.996,0.000,0.000,-0.087,0.996,0.000,0.000,-0.087,0.996,0.000,0.000,-0.087,0.996,0.000,0.000,-0.087,0.996,0.000,0.000,-0.087,0.996,0.000,0.000,-0.087,0.996,0.000,0.000,-0.087,0.996,0.000,0.000,-0.087,0.996,0.000,0.000,-0.087,0.996,0.000,0.000,-0.087,0.996,0.000,0.000,0.000,1.000,
0.012,-0.985,-0.151,-0.078,-0.022,-0.046,0.193,-0.980,-0.181,0.008,0.037,-0.983,0.126,-0.001,0.041,0.991,-0.051,0.001,-0.087,0.995,0.227,-0.201,0.079,0.950,0.076,0.021,-0.049,0.996,0.209,0.001,-0.021,0.978,0.000,0.000,0.000,1.000,-0.043,-0.021,-0.098,-0.994,-0.122,0.067,0.030,-0.990,0.000,0.000,0.000,1.000,0.000,0.000,0.000,1.000,0.008,-0.215,0.599,0.771,-0.086,0.125,-0.581,0.800,0.620,0.181,0.261,0.718,0.538,-0.250,-0.307,0.744,0.282,0.002,0.446,0.849,-0.595,-0.467,0.429,-0.494,0.000,0.000,0.000,1.000,0.000,0.000,0.000,1.000,0.000,0.000,0.000,1.000,0.000,0.000,0.000,1.000,0.000,0.000,0.000,0.000,0.000,0.000,0.087,0.996,0.000,0.000,0.174,0.985,0.000,-0.143,0.000,0.990,0.000,0.000,0.087,0.996,0.000,0.000,0.087,0.996,0.000,0.000,0.087,0.996,0.000,0.000,0.087,0.996,0.000,0.000,0.087,0.996,0.000,0.000,0.087,0.996,0.000,0.000,0.087,0.996,0.000,0.000,0.087,0.996,0.000,0.000,0.087,0.996,0.000,0.000,0.087,0.996,0.000,0.000,0.087,0.996,0.000,0.000,0.087,0.996,0.000,0.000,-0.087,0.996,0.000,0.000,0.000,1.000,0.000,0.000,0.000,1.000,0.000,0.000,-0.087,0.996,0.000,0.000,-0.087,0.996,0.000,0.000,-0.087,0.996,0.000,0.000,-0.087,0.996,0.000,0.000,-0.087,0.996,0.000,0.000,-0.087,0.996,0.000,0.000,-0.087,0.996,0.000,0.000,-0.087,0.996,0.000,0.000,-0.087,0.996,0.000,0.000,-0.087,0.996,0.000,0.000,-0.087,0.996,0.000,0.000,-0.087,0.996,0.000,0.000,0.000,1.000,
0.012,-0.981,-0.183,-0.064,0.049,-0.070,0.236,-0.968,-0.225,0.012,0.036,-0.974,0.180,-0.007,0.080,0.980,0.016,-0.011,-0.079,0.997,0.211,-0.267,0.088,0.936,-0.180,0.004,-0.051,0.982,0.242,0.000,-0.020,0.970,0.000,0.000,0.000,1.000,-0.053,-0.028,-0.100,-0.993,-0.114,0.118,0.001,-0.986,0.000,0.000,0.000,1.000,0.000,0.000,0.000,1.000,0.008,-0.220,0.601,0.768,-0.084,0.132,-0.592,0.790,0.604,0.186,0.258,0.731,0.539,-0.244,-0.299,0.748,0.242,0.032,0.452,0.858,-0.597,-0.336,0.587,-0.431,0.000,0.000,0.000,1.000,0.000,0.000,0.000,1.000,0.000,0.000,0.000,1.000,0.000,0.000,0.000,1.000,0.000,0.000,0.000,0.000,0.000,0.000,0.087,0.996,0.000,0.000,0.174,0.985,0.000,-0.143,0.000,0.990,0.000,0.000,0.087,0.996,0.000,0.000,0.087,0.996,0.000,0.000,0.087,0.996,0.000,0.000,0.087,0.996,0.000,0.000,0.087,0.996,0.000,0.000,0.087,0.996,0.000,0.000,0.087,0.996,0.000,0.000,0.087,0.996,0.000,0.000,0.087,0.996,0.000,0.000,0.087,0.996,0.000,0.000,0.087,0.996,0.000,0.000,0.087,0.996,0.000,0.000,-0.087,0.996,0.000,0.000,0.000,1.000,0.000,0.000,0.000,1.000,0.000,0.000,-0.087,0.996,0.000,0.000,-0.087,0.996,0.000,0.000,-0.087,0.996,0.000,0.000,-0.087,0.996,0.000,0.000,-0.087,0.996,0.000,0.000,-0.087,0.996,0.000,0.000,-0.087,0.996,0.000,0.000,-0.087,0.996,0.000,0.000,-0.087,0.996,0.000,0.000,-0.087,0.996,0.000,0.000,-0.087,0.996,0.000,0.000,-0.087,0.996,0.000,0.000,0.000,1.000,
0.013,-0.986,-0.143,-0.090,-0.010,-0.038,0.154,-0.987,-0.173,0.010,0.001,-0.985,0.408,0.027,0.089,0.908,0.005,-0.006,-0.104,0.995,0.046,-0.119,0.048,0.991,0.145,-0.292,-0.018,0.945,0.188,0.003,-0.046,0.981,0.000,0.000,0.000,1.000,-0.051,-0.021,-0.097,-0.994,-0.137,0.056,0.002,-0.989,0.000,0.000,0.000,1.000,0.000,0.000,0.000,1.000,-0.008,-0.196,0.605,0.772,-0.074,0.132,-0.595,0.789,0.643,0.181,0.279,0.690,0.508,-0.237,-0.268,0.783,0.253,-0.041,0.465,0.847,-0.545,-0.291,0.578,-0.532,0.000,0.000,0.000,1.000,0.000,0.000,0.000,1.000,0.000,0.000,0.000,1.000,0.000,0.000,0.000,1.000,0.000,0.000,0.000,0.000,0.000,0.000,0.087,0.996,0.000,0.000,0.174,0.985,0.000,-0.143,0.000,0.990,0.000,0.000,0.087,0.996,0.000,0.000,0.087,0.996,0.000,0.000,0.087,0.996,0.000,0.000,0.087,0.996,0.000,0.000,0.087,0.996,0.000,0.000,0.087,0.996,0.000,0.000,0.087,0.996,0.000,0.000,0.087,0.996,0.000,0.000,0.087,0.996,0.000,0.000,0.087,0.996,0.000,0.000,0.087,0.996,0.000,0.000,0.087,0.996,0.000,0.000,-0.087,0.996,0.000,0.000,0.000,1.000,0.000,0.000,0.000,1.000,0.000,0.000,-0.087,0.996,0.000,0.000,-0.087,0.996,0.000,0.000,-0.087,0.996,0.000,0.000,-0.087,0.996,0.000,0.000,-0.087,0.996,0.000,0.000,-0.087,0.996,0.000,0.000,-0.087,0.996,0.000,0.000,-0.087,0.996,0.000,0.000,-0.087,0.996,0.000,0.000,-0.087,0.996,0.000,0.000,-0.087,0.996,0.000,0.000,-0.087,0.996,0.000,0.000,0.000,1.000,
0.013,-0.986,-0.142,-0.090,-0.124,-0.018,0.082,-0.989,-0.164,0.011,-0.022,-0.986,0.043,0.010,0.274,0.961,-0.080,0.007,-0.255,0.964,0.042,-0.882,0.089,0.460,0.116,-0.879,0.124,0.445,0.179,0.002,-0.036,0.983,0.000,0.000,0.000,1.000,-0.058,-0.012,-0.069,-0.996,-0.118,0.094,-0.002,-0.988,0.000,0.000,0.000,1.000,0.000,0.000,0.000,1.000,0.021,-0.224,0.591,0.775,-0.029,0.177,-0.583,0.792,-0.588,-0.214,-0.291,-0.724,0.539,-0.255,-0.316,0.738,-0.252,0.030,-0.511,-0.821,-0.375,-0.177,0.494,-0.764,0.000,0.000,0.000,1.000,0.000,0.000,0.000,1.000,0.000,0.000,0.000,1.000,0.000,0.000,0.000,1.000,0.000,0.000,0.000,0.000,0.000,0.000,0.087,0.996,0.000,0.000,0.174,0.985,0.000,-0.143,0.000,0.990,0.000,0.000,0.087,0.996,0.000,0.000,0.087,0.996,0.000,0.000,0.087,0.996,0.000,0.000,0.087,0.996,0.000,0.000,0.087,0.996,0.000,0.000,0.087,0.996,0.000,0.000,0.087,0.996,0.000,0.000,0.087,0.996,0.000,0.000,0.087,0.996,0.000,0.000,0.087,0.996,0.000,0.000,0.087,0.996,0.000,0.000,0.087,0.996,0.000,0.000,-0.087,0.996,0.000,0.000,0.000,1.000,0.000,0.000,0.000,1.000,0.000,0.000,-0.087,0.996,0.000,0.000,-0.087,0.996,0.000,0.000,-0.087,0.996,0.000,0.000,-0.087,0.996,0.000,0.000,-0.087,0.996,0.000,0.000,-0.087,0.996,0.000,0.000,-0.087,0.996,0.000,0.000,-0.087,0.996,0.000,0.000,-0.087,0.996,0.000,0.000,-0.087,0.996,0.000,0.000,-0.087,0.996,0.000,0.000,-0.087,0.996,0.000,0.000,0.000,1.000,
0.010,-0.988,-0.128,-0.081,-0.115,-0.014,0.053,-0.992,-0.154,0.013,-0.043,-0.987,0.075,0.015,0.263,0.962,-0.087,0.014,-0.249,0.964,0.162,-0.636,0.144,0.741,0.134,-0.849,0.133,0.493,0.179,0.002,-0.023,0.984,0.000,0.000,0.000,1.000,-0.057,-0.011,-0.069,-0.996,-0.115,0.023,0.007,-0.993,0.000,0.000,0.000,1.000,0.000,0.000,0.000,1.000,0.022,-0.222,0.594,0.773,-0.045,0.156,-0.587,0.793,0.596,0.202,0.278,0.726,0.608,-0.217,-0.315,0.696,0.227,-0.035,0.471,0.851,-0.320,-0.081,0.501,-0.800,0.000,0.000,0.000,1.000,0.000,0.000,0.000,1.000,0.000,0.000,0.000,1.000,0.000,0.000,0.000,1.000,0.000,0.000,0.000,0.000,0.000,0.000,0.087,0.996,0.000,0.000,0.174,0.985,0.000,-0.143,0.000,0.990,0.000,0.000,0.087,0.996,0.000,0.000,0.087,0.996,0.000,0.000,0.087,0.996,0.000,0.000,0.087,0.996,0.000,0.000,0.087,0.996,0.000,0.000,0.087,0.996,0.000,0.000,0.087,0.996,0.000,0.000,0.087,0.996,0.000,0.000,0.087,0.996,0.000,0.000,0.087,0.996,0.000,0.000,0.087,0.996,0.000,0.000,0.087,0.996,0.000,0.000,-0.087,0.996,0.000,0.000,0.000,1.000,0.000,0.000,0.000,1.000,0.000,0.000,-0.087,0.996,0.000,0.000,-0.087,0.996,0.000,0.000,-0.087,0.996,0.000,0.000,-0.087,0.996,0.000,0.000,-0.087,0.996,0.000,0.000,-0.087,0.996,0.000,0.000,-0.087,0.996,0.000,0.000,-0.087,0.996,0.000,0.000,-0.087,0.996,0.000,0.000,-0.087,0.996,0.000,0.000,-0.087,0.996,0.000,0.000,-0.087,0.996,0.000,0.000,0.000,1.000,
0.011,-0.988,-0.131,-0.081,-0.110,-0.011,0.036,-0.993,-0.164,0.014,-0.052,-0.985,0.074,0.012,0.264,0.962,-0.099,0.013,-0.253,0.962,0.073,-0.771,0.095,0.626,0.122,-0.848,0.106,0.505,0.180,0.001,-0.017,0.984,0.000,0.000,0.000,1.000,-0.023,-0.009,-0.066,-0.997,-0.124,0.036,0.010,-0.992,0.000,0.000,0.000,1.000,0.000,0.000,0.000,1.000,0.002,-0.198,0.609,0.768,-0.059,0.142,-0.591,0.791,0.634,0.174,0.260,0.707,0.573,-0.233,-0.310,0.722,0.143,0.044,0.547,0.824,-0.468,-0.135,0.567,-0.664,0.000,0.000,0.000,1.000,0.000,0.000,0.000,1.000,0.000,0.000,0.000,1.000,0.000,0.000,0.000,1.000,0.000,0.000,0.000,0.000,0.000,0.000,0.087,0.996,0.000,0.000,0.174,0.985,0.000,-0.143,0.000,0.990,0.000,0.000,0.087,0.996,0.000,0.000,0.087,0.996,0.000,0.000,0.087,0.996,0.000,0.000,0.087,0.996,0.000,0.000,0.087,0.996,0.000,0.000,0.087,0.996,0.000,0.000,0.087,0.996,0.000,0.000,0.087,0.996,0.000,0.000,0.087,0.996,0.000,0.000,0.087,0.996,0.000,0.000,0.087,0.996,0.000,0.000,0.087,0.996,0.000,0.000,-0.087,0.996,0.000,0.000,0.000,1.000,0.000,0.000,0.000,1.000,0.000,0.000,-0.087,0.996,0.000,0.000,-0.087,0.996,0.000,0.000,-0.087,0.996,0.000,0.000,-0.087,0.996,0.000,0.000,-0.087,0.996,0.000,0.000,-0.087,0.996,0.000,0.000,-0.087,0.996,0.000,0.000,-0.087,0.996,0.000,0.000,-0.087,0.996,0.000,0.000,-0.087,0.996,0.000,0.000,-0.087,0.996,0.000,0.000,-0.087,0.996,0.000,0.000,0.000,1.000,
0.012,-0.987,-0.142,-0.080,-0.123,-0.011,0.032,-0.992,-0.179,0.014,-0.051,-0.982,0.111,0.029,0.257,0.960,-0.096,0.005,-0.244,0.965,0.235,-0.591,0.187,0.749,0.149,-0.837,0.152,0.504,0.193,0.001,-0.013,0.981,0.000,0.000,0.000,1.000,-0.042,-0.009,-0.057,-0.997,-0.115,0.067,0.018,-0.991,0.000,0.000,0.000,1.000,0.000,0.000,0.000,1.000,0.006,-0.201,0.613,0.764,-0.065,0.137,-0.592,0.791,0.643,0.169,0.257,0.702,0.571,-0.229,-0.301,0.729,0.150,0.043,0.543,0.825,-0.538,-0.205,0.583,-0.574,0.000,0.000,0.000,1.000,0.000,0.000,0.000,1.000,0.000,0.000,0.000,1.000,0.000,0.000,0.000,1.000,0.000,0.000,0.000,0.000,0.000,0.000,0.087,0.996,0.000,0.000,0.174,0.985,0.000,-0.143,0.000,0.990,0.000,0.000,0.087,0.996,0.000,0.000,0.087,0.996,0.000,0.000,0.087,0.996,0.000,0.000,0.087,0.996,0.000,0.000,0.087,0.996,0.000,0.000,0.087,0.996,0.000,0.000,0.087,0.996,0.000,0.000,0.087,0.996,0.000,0.000,0.087,0.996,0.000,0.000,0.087,0.996,0.000,0.000,0.087,0.996,0.000,0.000,0.087,0.996,0.000,0.000,-0.087,0.996,0.000,0.000,0.000,1.000,0.000,0.000,0.000,1.000,0.000,0.000,-0.087,0.996,0.000,0.000,-0.087,0.996,0.000,0.000,-0.087,0.996,0.000,0.000,-0.087,0.996,0.000,0.000,-0.087,0.996,0.000,0.000,-0.087,0.996,0.000,0.000,-0.087,0.996,0.000,0.000,-0.087,0.996,0.000,0.000,-0.087,0.996,0.000,0.000,-0.087,0.996,0.000,0.000,-0.087,0.996,0.000,0.000,-0.087,0.996,0.000,0.000,0.000,1.000,
0.022,-0.978,-0.158,-0.135,-0.161,-0.012,0.033,-0.986,-0.193,0.014,-0.047,-0.980,0.075,0.038,0.259,0.962,-0.112,0.003,-0.205,0.972,0.252,-0.718,0.293,0.579,0.185,-0.668,0.090,0.715,0.205,0.000,-0.010,0.979,0.000,0.000,0.000,1.000,-0.039,-0.018,-0.087,-0.995,-0.122,0.150,-0.009,-0.981,0.000,0.000,0.000,1.000,0.000,0.000,0.000,1.000,0.027,-0.233,0.596,0.768,-0.071,0.137,-0.591,0.792,-0.589,-0.192,-0.257,-0.742,0.563,-0.226,-0.290,0.740,-0.220,-0.003,-0.511,-0.831,-0.470,-0.329,0.633,-0.520,0.000,0.000,0.000,1.000,0.000,0.000,0.000,1.000,0.000,0.000,0.000,1.000,0.000,0.000,0.000,1.000,0.000,0.000,0.000,0.000,0.000,0.000,0.087,0.996,0.000,0.000,0.174,0.985,0.000,-0.143,0.000,0.990,0.000,0.000,0.087,0.996,0.000,0.000,0.087,0.996,0.000,0.000,0.087,0.996,0.000,0.000,0.087,0.996,0.000,0.000,0.087,0.996,0.000,0.000,0.087,0.996,0.000,0.000,0.087,0.996,0.000,0.000,0.087,0.996,0.000,0.000,0.087,0.996,0.000,0.000,0.087,0.996,0.000,0.000,0.087,0.996,0.000,0.000,0.087,0.996,0.000,0.000,-0.087,0.996,0.000,0.000,0.000,1.000,0.000,0.000,0.000,1.000,0.000,0.000,-0.087,0.996,0.000,0.000,-0.087,0.996,0.000,0.000,-0.087,0.996,0.000,0.000,-0.087,0.996,0.000,0.000,-0.087,0.996,0.000,0.000,-0.087,0.996,0.000,0.000,-0.087,0.996,0.000,0.000,-0.087,0.996,0.000,0.000,-0.087,0.996,0.000,0.000,-0.087,0.996,0.000,0.000,-0.087,0.996,0.000,0.000,-0.087,0.996,0.000,0.000,0.000,1.000,
0.040,-0.939,-0.117,-0.320,-0.135,-0.017,0.079,-0.987,-0.040,-0.001,0.014,-0.999,-0.003,-0.001,0.152,0.988,0.175,-0.002,0.105,0.979,0.064,-0.369,0.053,0.926,0.231,-0.102,-0.025,0.967,0.193,0.000,0.007,0.981,0.000,0.000,0.000,1.000,-0.036,-0.016,-0.072,-0.997,-0.118,0.227,-0.109,-0.961,0.000,0.000,0.000,1.000,0.000,0.000,0.000,1.000,0.005,-0.227,0.576,0.785,-0.106,0.103,-0.583,0.799,-0.576,-0.191,-0.247,-0.756,0.412,-0.264,-0.243,0.838,-0.175,-0.017,-0.426,-0.888,-0.625,-0.428,0.362,-0.543,0.000,0.000,0.000,1.000,0.000,0.000,0.000,1.000,0.000,0.000,0.000,1.000,0.000,0.000,0.000,1.000,0.000,0.000,0.000,0.000,0.000,0.000,0.087,0.996,0.000,0.000,0.174,0.985,0.000,-0.143,0.000,0.990,0.000,0.000,0.087,0.996,0.000,0.000,0.087,0.996,0.000,0.000,0.087,0.996,0.000,0.000,0.087,0.996,0.000,0.000,0.087,0.996,0.000,0.000,0.087,0.996,0.000,0.000,0.087,0.996,0.000,0.000,0.087,0.996,0.000,0.000,0.087,0.996,0.000,0.000,0.087,0.996,0.000,0.000,0.087,0.996,0.000,0.000,0.087,0.996,0.000,0.000,-0.087,0.996,0.000,0.000,0.000,1.000,0.000,0.000,0.000,1.000,0.000,0.000,-0.087,0.996,0.000,0.000,-0.087,0.996,0.000,0.000,-0.087,0.996,0.000,0.000,-0.087,0.996,0.000,0.000,-0.087,0.996,0.000,0.000,-0.087,0.996,0.000,0.000,-0.087,0.996,0.000,0.000,-0.087,0.996,0.000,0.000,-0.087,0.996,0.000,0.000,-0.087,0.996,0.000,0.000,-0.087,0.996,0.000,0.000,-0.087,0.996,0.000,0.000,0.000,1.000,
0.095,-0.641,-0.080,-0.758,-0.020,-0.016,0.064,-0.998,-0.033,-0.003,0.023,-0.999,-0.153,0.001,-0.089,-0.984,-0.183,0.003,-0.093,-0.979,0.023,-0.009,-0.051,-0.998,0.051,-0.190,0.030,-0.980,0.195,0.000,0.002,0.981,0.000,0.000,0.000,1.000,-0.096,0.007,0.030,-0.995,-0.120,0.072,-0.099,-0.985,0.000,0.000,0.000,1.000,0.000,0.000,0.000,1.000,-0.072,-0.144,0.559,0.814,0.071,-0.136,0.584,-0.797,-0.656,-0.059,-0.089,-0.748,0.202,0.139,0.039,-0.969,-0.293,0.031,-0.608,-0.737,-0.736,-0.193,0.134,-0.635,0.000,0.000,0.000,1.000,0.000,0.000,0.000,1.000,0.000,0.000,0.000,1.000,0.000,0.000,0.000,1.000,0.000,0.000,0.000,0.000,0.000,0.000,0.087,0.996,0.000,0.000,0.174,0.985,0.000,-0.143,0.000,0.990,0.000,0.000,0.087,0.996,0.000,0.000,0.087,0.996,0.000,0.000,0.087,0.996,0.000,0.000,0.087,0.996,0.000,0.000,0.087,0.996,0.000,0.000,0.087,0.996,0.000,0.000,0.087,0.996,0.000,0.000,0.087,0.996,0.000,0.000,0.087,0.996,0.000,0.000,0.087,0.996,0.000,0.000,0.087,0.996,0.000,0.000,0.087,0.996,0.000,0.000,-0.087,0.996,0.000,0.000,0.000,1.000,0.000,0.000,0.000,1.000,0.000,0.000,-0.087,0.996,0.000,0.000,-0.087,0.996,0.000,0.000,-0.087,0.996,0.000,0.000,-0.087,0.996,0.000,0.000,-0.087,0.996,0.000,0.000,-0.087,0.996,0.000,0.000,-0.087,0.996,0.000,0.000,-0.087,0.996,0.000,0.000,-0.087,0.996,0.000,0.000,-0.087,0.996,0.000,0.000,-0.087,0.996,0.000,0.000,-0.087,0.996,0.000,0.000,0.000,1.000,
-0.124,0.331,0.044,0.934,0.011,0.008,-0.029,0.999,0.055,-0.004,0.003,0.998,0.145,0.000,0.042,0.989,0.213,-0.006,-0.032,0.976,-0.119,0.195,0.087,0.970,-0.282,0.128,-0.005,0.951,-0.227,0.000,0.006,-0.974,0.000,0.000,0.000,1.000,-0.032,0.015,0.064,-0.997,0.126,0.062,0.101,0.985,0.000,0.000,0.000,1.000,0.000,0.000,0.000,1.000,-0.070,-0.162,0.558,0.811,-0.043,0.168,-0.602,0.780,-0.610,-0.110,-0.151,-0.770,-0.099,-0.049,-0.040,0.993,-0.310,-0.023,-0.390,-0.866,-0.641,0.011,0.382,-0.666,0.000,0.000,0.000,1.000,0.000,0.000,0.000,1.000,0.000,0.000,0.000,1.000,0.000,0.000,0.000,1.000,0.000,0.000,0.000,0.000,0.000,0.000,0.087,0.996,0.000,0.000,0.174,0.985,0.000,-0.143,0.000,0.990,0.000,0.000,0.087,0.996,0.000,0.000,0.087,0.996,0.000,0.000,0.087,0.996,0.000,0.000,0.087,0.996,0.000,0.000,0.087,0.996,0.000,0.000,0.087,0.996,0.000,0.000,0.087,0.996,0.000,0.000,0.087,0.996,0.000,0.000,0.087,0.996,0.000,0.000,0.087,0.996,0.000,0.000,0.087,0.996,0.000,0.000,0.087,0.996,0.000,0.000,-0.087,0.996,0.000,0.000,0.000,1.000,0.000,0.000,0.000,1.000,0.000,0.000,-0.087,0.996,0.000,0.000,-0.087,0.996,0.000,0.000,-0.087,0.996,0.000,0.000,-0.087,0.996,0.000,0.000,-0.087,0.996,0.000,0.000,-0.087,0.996,0.000,0.000,-0.087,0.996,0.000,0.000,-0.087,0.996,0.000,0.000,-0.087,0.996,0.000,0.000,-0.087,0.996,0.000,0.000,-0.087,0.996,0.000,0.000,-0.087,0.996,0.000,0.000,0.000,1.000,
-0.102,0.232,0.024,0.967,0.012,0.011,-0.041,0.999,0.054,-0.004,0.003,0.999,0.186,0.005,-0.026,0.982,0.113,0.001,-0.082,0.990,-0.090,0.195,0.080,0.973,-0.146,0.312,0.015,0.939,-0.186,-0.002,0.027,-0.982,0.000,0.000,0.000,1.000,0.041,0.001,0.016,-0.999,0.127,0.006,0.079,0.989,0.000,0.000,0.000,1.000,0.000,0.000,0.000,1.000,-0.055,-0.166,0.550,0.817,-0.029,0.166,-0.616,0.769,-0.568,-0.198,-0.252,-0.758,-0.994,0.008,0.041,-0.098,-0.399,-0.111,-0.455,-0.788,0.464,0.227,0.157,-0.842,0.000,0.000,0.000,1.000,0.000,0.000,0.000,1.000,0.000,0.000,0.000,1.000,0.000,0.000,0.000,1.000,0.000,0.000,0.000,0.000,0.000,0.000,0.087,0.996,0.000,0.000,0.174,0.985,0.000,-0.143,0.000,0.990,0.000,0.000,0.087,0.996,0.000,0.000,0.087,0.996,0.000,0.000,0.087,0.996,0.000,0.000,0.087,0.996,0.000,0.000,0.087,0.996,0.000,0.000,0.087,0.996,0.000,0.000,0.087,0.996,0.000,0.000,0.087,0.996,0.000,0.000,0.087,0.996,0.000,0.000,0.087,0.996,0.000,0.000,0.087,0.996,0.000,0.000,0.087,0.996,0.000,0.000,-0.087,0.996,0.000,0.000,0.000,1.000,0.000,0.000,0.000,1.000,0.000,0.000,-0.087,0.996,0.000,0.000,-0.087,0.996,0.000,0.000,-0.087,0.996,0.000,0.000,-0.087,0.996,0.000,0.000,-0.087,0.996,0.000,0.000,-0.087,0.996,0.000,0.000,-0.087,0.996,0.000,0.000,-0.087,0.996,0.000,0.000,-0.087,0.996,0.000,0.000,-0.087,0.996,0.000,0.000,-0.087,0.996,0.000,0.000,-0.087,0.996,0.000,0.000,0.000,1.000,
-0.105,0.050,0.005,0.993,0.022,0.017,-0.070,0.997,0.060,-0.008,0.022,0.998,0.147,0.001,0.042,0.988,0.085,0.003,-0.086,0.993,-0.163,-0.139,0.020,0.977,-0.128,0.371,0.022,0.919,-0.190,-0.001,0.010,-0.982,0.000,0.000,0.000,1.000,0.048,0.002,0.025,-0.999,0.120,0.078,0.100,0.985,0.000,0.000,0.000,1.000,0.000,0.000,0.000,1.000,-0.002,-0.226,0.541,0.810,-0.010,0.193,-0.594,0.781,-0.359,-0.319,-0.263,-0.837,0.392,-0.256,-0.226,0.854,-0.613,0.355,-0.522,-0.475,0.233,0.041,-0.964,-0.123,0.000,0.000,0.000,1.000,0.000,0.000,0.000,1.000,0.000,0.000,0.000,1.000,0.000,0.000,0.000,1.000,0.000,0.000,0.000,0.000,0.000,0.000,0.087,0.996,0.000,0.000,0.174,0.985,0.000,-0.143,0.000,0.990,0.000,0.000,0.087,0.996,0.000,0.000,0.087,0.996,0.000,0.000,0.087,0.996,0.000,0.000,0.087,0.996,0.000,0.000,0.087,0.996,0.000,0.000,0.087,0.996,0.000,0.000,0.087,0.996,0.000,0.000,0.087,0.996,0.000,0.000,0.087,0.996,0.000,0.000,0.087,0.996,0.000,0.000,0.087,0.996,0.000,0.000,0.087,0.996,0.000,0.000,-0.087,0.996,0.000,0.000,0.000,1.000,0.000,0.000,0.000,1.000,0.000,0.000,-0.087,0.996,0.000,0.000,-0.087,0.996,0.000,0.000,-0.087,0.996,0.000,0.000,-0.087,0.996,0.000,0.000,-0.087,0.996,0.000,0.000,-0.087,0.996,0.000,0.000,-0.087,0.996,0.000,0.000,-0.087,0.996,0.000,0.000,-0.087,0.996,0.000,0.000,-0.087,0.996,0.000,0.000,-0.087,0.996,0.000,0.000,-0.087,0.996,0.000,0.000,0.000,1.000,
